bin_mid,site_code,norm_density,type,lat,lon,ecoregion
0.150888347648318,BS-S8,174797.318339383,meio,-39.21514893,146.9923859,Cape Howe
0.150888347648318,DE4,10960588.4684747,meio,-42.90611,147.3447,Bassian
0.150888347648318,DE46,638873.470723909,meio,-42.861017,147.3501,Bassian
0.150888347648318,DE7,113413.167345822,meio,-43.01334,147.33089,Bassian
0.150888347648318,EMR1,589842.015038241,meio,-29.45103,159.06227,Lord Howe and Norfolk Islands
0.150888347648318,EMR18,224063.870123883,meio,-29.92554,159.0511,Lord Howe and Norfolk Islands
0.150888347648318,EMR2,1712443.0890788,meio,-29.45683,159.0622,Lord Howe and Norfolk Islands
0.150888347648318,EMR20,856939.795656213,meio,-29.93192,159.06155,Lord Howe and Norfolk Islands
0.150888347648318,EMR25,60634.3292157528,meio,-29.91181,159.08131,Lord Howe and Norfolk Islands
0.150888347648318,EMR37,79327.0740003908,meio,-29.48267,159.06495,Lord Howe and Norfolk Islands
0.150888347648318,EMR42,911348.624697316,meio,-29.94249,159.0847,Lord Howe and Norfolk Islands
0.150888347648318,EMR5,51127.3988349146,meio,-29.44269,159.06088,Lord Howe and Norfolk Islands
0.150888347648318,EMR8,930755.129692997,meio,-29.44563,159.09369,Lord Howe and Norfolk Islands
0.150888347648318,GBR24,1168147.28752775,meio,-19.81261,149.13292,Central and Southern Great Barrier Reef
0.150888347648318,GBR27,906654.950930814,meio,-19.79517,149.07878,Central and Southern Great Barrier Reef
0.150888347648318,GBR76,793647.058764547,meio,-19.80832,149.06582,Central and Southern Great Barrier Reef
0.150888347648318,JBMP25,5983648.80980882,meio,-35.06756,150.68239,Cape Howe
0.150888347648318,JBMP6,2899279.27835908,meio,-35.13676,150.76428,Cape Howe
0.150888347648318,KG-S13,146996.752211663,meio,-39.44477844,147.3012238,Cape Howe
0.150888347648318,KG-S15,92263.7247515137,meio,-39.49295044,147.3421478,Cape Howe
0.150888347648318,KG-S4,466972.363495617,meio,-39.46456909,147.2946625,Cape Howe
0.150888347648318,NIN-S1,80630.2248471562,meio,-43.27292,147.14343,Bassian
0.150888347648318,NIN-S2,127667.690869582,meio,-43.29383,147.14182,Bassian
0.150888347648318,NSW47,2079061.66255401,meio,-37.10968,149.92238,Cape Howe
0.150888347648318,NSW5,743723.924738026,meio,-37.10036,149.9285,Cape Howe
0.150888347648318,PS13,445149.629381563,meio,-32.71802,152.14133,Manning-Hawkesbury
0.150888347648318,PS17,771139.820315907,meio,-32.714463,152.15183,Manning-Hawkesbury
0.150888347648318,QLD43,914949.092005339,meio,-14.69473,145.45921,Torres Strait Northern Great Barrier Reef
0.150888347648318,QLD44,88638.6410608353,meio,-14.68942,145.46617,Torres Strait Northern Great Barrier Reef
0.150888347648318,QLD48,348765.505752179,meio,-14.68689,145.44195,Torres Strait Northern Great Barrier Reef
0.150888347648318,QLD51,1319428.5576089,meio,-14.65706,145.45076,Torres Strait Northern Great Barrier Reef
0.150888347648318,SI21,373720.801206054,meio,-30.00751,153.27028,Tweed-Moreton
0.150888347648318,SI29,1104748.25376539,meio,-29.98321,153.2278,Tweed-Moreton
0.150888347648318,SI6,741671.289204051,meio,-30.01765,153.2692,Tweed-Moreton
0.150888347648318,SYD1,630519.688041509,meio,-33.85186,151.21997,Manning-Hawkesbury
0.150888347648318,SYD3,2969031.30337961,meio,-33.86328,151.24196,Manning-Hawkesbury
0.150888347648318,SYD30,4509179.20261348,meio,-33.841655,151.253968,Manning-Hawkesbury
0.150888347648318,SYD31,2710363.62165047,meio,-33.840111,151.277492,Manning-Hawkesbury
0.150888347648318,SYD37,4884855.71759383,meio,-33.83036,151.26378,Manning-Hawkesbury
0.150888347648318,SYD6,2535795.35058376,meio,-33.85595,151.26602,Manning-Hawkesbury
0.150888347648318,SYD9,2295012.25256043,meio,-33.852053,151.263956,Manning-Hawkesbury
0.150888347648318,TAS26,531323.588592578,meio,-43.14242,147.29123,Bassian
0.150888347648318,TAS43,697727.647946136,meio,-43.08944,147.30101,Bassian
0.150888347648318,TAS84,387588.184900003,meio,-41.87563,148.31159,Bassian
0.150888347648318,TAS88,44373.2307073052,meio,-41.87094,148.31732,Bassian
0.213388347648318,BS-S8,63617.4058165134,meio,-39.21514893,146.9923859,Cape Howe
0.213388347648318,DE4,2127127.25722649,meio,-42.90611,147.3447,Bassian
0.213388347648318,DE46,220158.645130693,meio,-42.861017,147.3501,Bassian
0.213388347648318,DE7,37039.1024455921,meio,-43.01334,147.33089,Bassian
0.213388347648318,EMR1,109613.338372719,meio,-29.45103,159.06227,Lord Howe and Norfolk Islands
0.213388347648318,EMR18,37029.7341043405,meio,-29.92554,159.0511,Lord Howe and Norfolk Islands
0.213388347648318,EMR2,372739.995510022,meio,-29.45683,159.0622,Lord Howe and Norfolk Islands
0.213388347648318,EMR20,160331.083606689,meio,-29.93192,159.06155,Lord Howe and Norfolk Islands
0.213388347648318,EMR25,15615.3382460869,meio,-29.91181,159.08131,Lord Howe and Norfolk Islands
0.213388347648318,EMR37,21625.0575143268,meio,-29.48267,159.06495,Lord Howe and Norfolk Islands
0.213388347648318,EMR42,315088.63155131,meio,-29.94249,159.0847,Lord Howe and Norfolk Islands
0.213388347648318,EMR5,14120.9505041434,meio,-29.44269,159.06088,Lord Howe and Norfolk Islands
0.213388347648318,EMR8,169440.438716311,meio,-29.44563,159.09369,Lord Howe and Norfolk Islands
0.213388347648318,GBR24,256979.025922134,meio,-19.81261,149.13292,Central and Southern Great Barrier Reef
0.213388347648318,GBR27,223399.150703289,meio,-19.79517,149.07878,Central and Southern Great Barrier Reef
0.213388347648318,GBR76,215217.13858976,meio,-19.80832,149.06582,Central and Southern Great Barrier Reef
0.213388347648318,JBMP25,1162343.00209034,meio,-35.06756,150.68239,Cape Howe
0.213388347648318,JBMP6,578676.523778951,meio,-35.13676,150.76428,Cape Howe
0.213388347648318,KG-S13,49983.6694188709,meio,-39.44477844,147.3012238,Cape Howe
0.213388347648318,KG-S15,60367.9270406882,meio,-39.49295044,147.3421478,Cape Howe
0.213388347648318,KG-S4,132043.783054968,meio,-39.46456909,147.2946625,Cape Howe
0.213388347648318,NIN-S1,53549.3914528505,meio,-43.27292,147.14343,Bassian
0.213388347648318,NIN-S2,54744.714939873,meio,-43.29383,147.14182,Bassian
0.213388347648318,NSW47,406292.533441137,meio,-37.10968,149.92238,Cape Howe
0.213388347648318,NSW5,250380.415441419,meio,-37.10036,149.9285,Cape Howe
0.213388347648318,PS13,135476.487842051,meio,-32.71802,152.14133,Manning-Hawkesbury
0.213388347648318,PS17,267681.079998739,meio,-32.714463,152.15183,Manning-Hawkesbury
0.213388347648318,QLD43,207917.333127642,meio,-14.69473,145.45921,Torres Strait Northern Great Barrier Reef
0.213388347648318,QLD44,18592.328005266,meio,-14.68942,145.46617,Torres Strait Northern Great Barrier Reef
0.213388347648318,QLD48,113827.350047808,meio,-14.68689,145.44195,Torres Strait Northern Great Barrier Reef
0.213388347648318,QLD51,277530.44810886,meio,-14.65706,145.45076,Torres Strait Northern Great Barrier Reef
0.213388347648318,SI21,71311.9584249553,meio,-30.00751,153.27028,Tweed-Moreton
0.213388347648318,SI29,359691.634330084,meio,-29.98321,153.2278,Tweed-Moreton
0.213388347648318,SI6,185480.137077782,meio,-30.01765,153.2692,Tweed-Moreton
0.213388347648318,SYD1,226221.861281985,meio,-33.85186,151.21997,Manning-Hawkesbury
0.213388347648318,SYD3,635465.321403078,meio,-33.86328,151.24196,Manning-Hawkesbury
0.213388347648318,SYD30,974238.142392712,meio,-33.841655,151.253968,Manning-Hawkesbury
0.213388347648318,SYD31,505499.020723591,meio,-33.840111,151.277492,Manning-Hawkesbury
0.213388347648318,SYD37,958460.139252394,meio,-33.83036,151.26378,Manning-Hawkesbury
0.213388347648318,SYD6,526479.580029867,meio,-33.85595,151.26602,Manning-Hawkesbury
0.213388347648318,SYD9,468964.711392271,meio,-33.852053,151.263956,Manning-Hawkesbury
0.213388347648318,TAS26,188591.770642564,meio,-43.14242,147.29123,Bassian
0.213388347648318,TAS43,254967.630586445,meio,-43.08944,147.30101,Bassian
0.213388347648318,TAS84,82724.1640996406,meio,-41.87563,148.31159,Bassian
0.213388347648318,TAS88,17890.9980120423,meio,-41.87094,148.31732,Bassian
0.301776695296637,BS-S8,33397.4558277599,meio,-39.21514893,146.9923859,Cape Howe
0.301776695296637,DE4,469255.172501351,meio,-42.90611,147.3447,Bassian
0.301776695296637,DE46,81732.6064035431,meio,-42.861017,147.3501,Bassian
0.301776695296637,DE7,19070.1425294646,meio,-43.01334,147.33089,Bassian
0.301776695296637,EMR1,20603.159258021,meio,-29.45103,159.06227,Lord Howe and Norfolk Islands
0.301776695296637,EMR18,8261.4590590542,meio,-29.92554,159.0511,Lord Howe and Norfolk Islands
0.301776695296637,EMR2,61990.3706018526,meio,-29.45683,159.0622,Lord Howe and Norfolk Islands
0.301776695296637,EMR20,27392.7979953768,meio,-29.93192,159.06155,Lord Howe and Norfolk Islands
0.301776695296637,EMR25,4947.55975042288,meio,-29.91181,159.08131,Lord Howe and Norfolk Islands
0.301776695296637,EMR37,6695.50095547365,meio,-29.48267,159.06495,Lord Howe and Norfolk Islands
0.301776695296637,EMR42,44424.6394468933,meio,-29.94249,159.0847,Lord Howe and Norfolk Islands
0.301776695296637,EMR5,4606.52355971997,meio,-29.44269,159.06088,Lord Howe and Norfolk Islands
0.301776695296637,EMR8,41037.9909180765,meio,-29.44563,159.09369,Lord Howe and Norfolk Islands
0.301776695296637,GBR24,63546.920864409,meio,-19.81261,149.13292,Central and Southern Great Barrier Reef
0.301776695296637,GBR27,68276.3910849023,meio,-19.79517,149.07878,Central and Southern Great Barrier Reef
0.301776695296637,GBR76,72837.5703297825,meio,-19.80832,149.06582,Central and Southern Great Barrier Reef
0.301776695296637,JBMP25,296471.472064915,meio,-35.06756,150.68239,Cape Howe
0.301776695296637,JBMP6,181980.923553855,meio,-35.13676,150.76428,Cape Howe
0.301776695296637,KG-S13,20716.3322587038,meio,-39.44477844,147.3012238,Cape Howe
0.301776695296637,KG-S15,18510.3065504189,meio,-39.49295044,147.3421478,Cape Howe
0.301776695296637,KG-S4,52774.8470346003,meio,-39.46456909,147.2946625,Cape Howe
0.301776695296637,NIN-S1,46564.655213278,meio,-43.27292,147.14343,Bassian
0.301776695296637,NIN-S2,39405.6433315239,meio,-43.29383,147.14182,Bassian
0.301776695296637,NSW47,104670.780331987,meio,-37.10968,149.92238,Cape Howe
0.301776695296637,NSW5,95221.5420102403,meio,-37.10036,149.9285,Cape Howe
0.301776695296637,PS13,47389.2351735391,meio,-32.71802,152.14133,Manning-Hawkesbury
0.301776695296637,PS17,98563.36347177,meio,-32.714463,152.15183,Manning-Hawkesbury
0.301776695296637,QLD43,43301.5925468119,meio,-14.69473,145.45921,Torres Strait Northern Great Barrier Reef
0.301776695296637,QLD44,6287.27211307089,meio,-14.68942,145.46617,Torres Strait Northern Great Barrier Reef
0.301776695296637,QLD48,32417.2096988889,meio,-14.68689,145.44195,Torres Strait Northern Great Barrier Reef
0.301776695296637,QLD51,66790.7395417341,meio,-14.65706,145.45076,Torres Strait Northern Great Barrier Reef
0.301776695296637,SI21,23871.255870326,meio,-30.00751,153.27028,Tweed-Moreton
0.301776695296637,SI29,176962.073514437,meio,-29.98321,153.2278,Tweed-Moreton
0.301776695296637,SI6,50279.5483345496,meio,-30.01765,153.2692,Tweed-Moreton
0.301776695296637,SYD1,123912.654939002,meio,-33.85186,151.21997,Manning-Hawkesbury
0.301776695296637,SYD3,180297.01695316,meio,-33.86328,151.24196,Manning-Hawkesbury
0.301776695296637,SYD30,205454.241930307,meio,-33.841655,151.253968,Manning-Hawkesbury
0.301776695296637,SYD31,113072.790767428,meio,-33.840111,151.277492,Manning-Hawkesbury
0.301776695296637,SYD37,269873.022273644,meio,-33.83036,151.26378,Manning-Hawkesbury
0.301776695296637,SYD6,163450.09991782,meio,-33.85595,151.26602,Manning-Hawkesbury
0.301776695296637,SYD9,144361.36719067,meio,-33.852053,151.263956,Manning-Hawkesbury
0.301776695296637,TAS26,81797.1600872524,meio,-43.14242,147.29123,Bassian
0.301776695296637,TAS43,97783.5644472371,meio,-43.08944,147.30101,Bassian
0.301776695296637,TAS84,19800.0070640872,meio,-41.87563,148.31159,Bassian
0.301776695296637,TAS88,6259.95917850328,meio,-41.87094,148.31732,Bassian
0.426776695296637,BS-S8,27294.329181235,meio,-39.21514893,146.9923859,Cape Howe
0.426776695296637,DE4,95699.5751131761,meio,-42.90611,147.3447,Bassian
0.426776695296637,DE46,28743.9842538288,meio,-42.861017,147.3501,Bassian
0.426776695296637,DE7,31104.5667481355,meio,-43.01334,147.33089,Bassian
0.426776695296637,EMR1,7949.01990141011,meio,-29.45103,159.06227,Lord Howe and Norfolk Islands
0.426776695296637,EMR18,4858.51198581407,meio,-29.92554,159.0511,Lord Howe and Norfolk Islands
0.426776695296637,EMR2,21429.9108198995,meio,-29.45683,159.0622,Lord Howe and Norfolk Islands
0.426776695296637,EMR20,9892.12228751308,meio,-29.93192,159.06155,Lord Howe and Norfolk Islands
0.426776695296637,EMR25,2631.57251331556,meio,-29.91181,159.08131,Lord Howe and Norfolk Islands
0.426776695296637,EMR37,5065.4805447611,meio,-29.48267,159.06495,Lord Howe and Norfolk Islands
0.426776695296637,EMR42,13618.9748192244,meio,-29.94249,159.0847,Lord Howe and Norfolk Islands
0.426776695296637,EMR5,1542.76512643264,meio,-29.44269,159.06088,Lord Howe and Norfolk Islands
0.426776695296637,EMR8,16895.4070385282,meio,-29.44563,159.09369,Lord Howe and Norfolk Islands
0.426776695296637,GBR24,17684.3441749226,meio,-19.81261,149.13292,Central and Southern Great Barrier Reef
0.426776695296637,GBR27,19165.054632119,meio,-19.79517,149.07878,Central and Southern Great Barrier Reef
0.426776695296637,GBR76,22051.2682612698,meio,-19.80832,149.06582,Central and Southern Great Barrier Reef
0.426776695296637,JBMP25,52161.7305214521,meio,-35.06756,150.68239,Cape Howe
0.426776695296637,JBMP6,30998.3233469312,meio,-35.13676,150.76428,Cape Howe
0.426776695296637,KG-S13,14015.2665511551,meio,-39.44477844,147.3012238,Cape Howe
0.426776695296637,KG-S15,9090.53007571849,meio,-39.49295044,147.3421478,Cape Howe
0.426776695296637,KG-S4,20152.5978912891,meio,-39.46456909,147.2946625,Cape Howe
0.426776695296637,NIN-S1,25588.3108512684,meio,-43.27292,147.14343,Bassian
0.426776695296637,NIN-S2,26053.7298478185,meio,-43.29383,147.14182,Bassian
0.426776695296637,NSW47,33963.3150670756,meio,-37.10968,149.92238,Cape Howe
0.426776695296637,NSW5,34269.9749989386,meio,-37.10036,149.9285,Cape Howe
0.426776695296637,PS13,10247.77893751,meio,-32.71802,152.14133,Manning-Hawkesbury
0.426776695296637,PS17,24376.3388558659,meio,-32.714463,152.15183,Manning-Hawkesbury
0.426776695296637,QLD43,10895.7213777782,meio,-14.69473,145.45921,Torres Strait Northern Great Barrier Reef
0.426776695296637,QLD44,3508.1933471009,meio,-14.68942,145.46617,Torres Strait Northern Great Barrier Reef
0.426776695296637,QLD48,8627.28333562887,meio,-14.68689,145.44195,Torres Strait Northern Great Barrier Reef
0.426776695296637,QLD51,15449.2935938473,meio,-14.65706,145.45076,Torres Strait Northern Great Barrier Reef
0.426776695296637,SI21,26388.0318571796,meio,-30.00751,153.27028,Tweed-Moreton
0.426776695296637,SI29,30667.6422060524,meio,-29.98321,153.2278,Tweed-Moreton
0.426776695296637,SI6,16949.6357506997,meio,-30.01765,153.2692,Tweed-Moreton
0.426776695296637,SYD1,17055.0566039102,meio,-33.85186,151.21997,Manning-Hawkesbury
0.426776695296637,SYD3,36496.9120588655,meio,-33.86328,151.24196,Manning-Hawkesbury
0.426776695296637,SYD30,47637.8944438066,meio,-33.841655,151.253968,Manning-Hawkesbury
0.426776695296637,SYD31,21936.6783697407,meio,-33.840111,151.277492,Manning-Hawkesbury
0.426776695296637,SYD37,44826.574656963,meio,-33.83036,151.26378,Manning-Hawkesbury
0.426776695296637,SYD6,57777.0379286427,meio,-33.85595,151.26602,Manning-Hawkesbury
0.426776695296637,SYD9,56873.1947851676,meio,-33.852053,151.263956,Manning-Hawkesbury
0.426776695296637,TAS26,40707.2743146932,meio,-43.14242,147.29123,Bassian
0.426776695296637,TAS43,37241.680213591,meio,-43.08944,147.30101,Bassian
0.426776695296637,TAS84,10740.7016285469,meio,-41.87563,148.31159,Bassian
0.426776695296637,TAS88,8004.66799720079,meio,-41.87094,148.31732,Bassian
0.603553390593274,BS-S8,12007.3037628192,meio,-39.21514893,146.9923859,Cape Howe
0.603553390593274,DE4,10860.8243058648,meio,-42.90611,147.3447,Bassian
0.603553390593274,DE46,7221.10013671647,meio,-42.861017,147.3501,Bassian
0.603553390593274,DE7,18612.4583598838,meio,-43.01334,147.33089,Bassian
0.603553390593274,EMR1,2886.13113560162,meio,-29.45103,159.06227,Lord Howe and Norfolk Islands
0.603553390593274,EMR18,3636.44529181965,meio,-29.92554,159.0511,Lord Howe and Norfolk Islands
0.603553390593274,EMR2,7405.899462491,meio,-29.45683,159.0622,Lord Howe and Norfolk Islands
0.603553390593274,EMR20,3364.31463264544,meio,-29.93192,159.06155,Lord Howe and Norfolk Islands
0.603553390593274,EMR25,1230.97852489129,meio,-29.91181,159.08131,Lord Howe and Norfolk Islands
0.603553390593274,EMR37,3784.60272715065,meio,-29.48267,159.06495,Lord Howe and Norfolk Islands
0.603553390593274,EMR42,1918.45350761411,meio,-29.94249,159.0847,Lord Howe and Norfolk Islands
0.603553390593274,EMR5,485.469376830481,meio,-29.44269,159.06088,Lord Howe and Norfolk Islands
0.603553390593274,EMR8,4909.43935299809,meio,-29.44563,159.09369,Lord Howe and Norfolk Islands
0.603553390593274,GBR24,3072.0122467884,meio,-19.81261,149.13292,Central and Southern Great Barrier Reef
0.603553390593274,GBR27,7351.07890984591,meio,-19.79517,149.07878,Central and Southern Great Barrier Reef
0.603553390593274,GBR76,6581.64020010126,meio,-19.80832,149.06582,Central and Southern Great Barrier Reef
0.603553390593274,JBMP25,13438.2048337753,meio,-35.06756,150.68239,Cape Howe
0.603553390593274,JBMP6,12321.235498041,meio,-35.13676,150.76428,Cape Howe
0.603553390593274,KG-S13,6987.30025536055,meio,-39.44477844,147.3012238,Cape Howe
0.603553390593274,KG-S15,5574.4358992446,meio,-39.49295044,147.3421478,Cape Howe
0.603553390593274,KG-S4,5606.60034337749,meio,-39.46456909,147.2946625,Cape Howe
0.603553390593274,NIN-S1,8878.91052606051,meio,-43.27292,147.14343,Bassian
0.603553390593274,NIN-S2,9751.95142425942,meio,-43.29383,147.14182,Bassian
0.603553390593274,NSW47,6246.68136303659,meio,-37.10968,149.92238,Cape Howe
0.603553390593274,NSW5,6051.15571208444,meio,-37.10036,149.9285,Cape Howe
0.603553390593274,PS13,2554.89837730803,meio,-32.71802,152.14133,Manning-Hawkesbury
0.603553390593274,PS17,4693.71300104896,meio,-32.714463,152.15183,Manning-Hawkesbury
0.603553390593274,QLD43,2347.84370228812,meio,-14.69473,145.45921,Torres Strait Northern Great Barrier Reef
0.603553390593274,QLD44,2631.21769153864,meio,-14.68942,145.46617,Torres Strait Northern Great Barrier Reef
0.603553390593274,QLD48,2839.77543174816,meio,-14.68689,145.44195,Torres Strait Northern Great Barrier Reef
0.603553390593274,QLD51,3919.76169867552,meio,-14.65706,145.45076,Torres Strait Northern Great Barrier Reef
0.603553390593274,SI21,11247.0605428571,meio,-30.00751,153.27028,Tweed-Moreton
0.603553390593274,SI29,7659.10975090623,meio,-29.98321,153.2278,Tweed-Moreton
0.603553390593274,SI6,6534.77957062909,meio,-30.01765,153.2692,Tweed-Moreton
0.603553390593274,SYD1,4098.64646971016,meio,-33.85186,151.21997,Manning-Hawkesbury
0.603553390593274,SYD3,8462.27853514886,meio,-33.86328,151.24196,Manning-Hawkesbury
0.603553390593274,SYD30,10547.5531151169,meio,-33.841655,151.253968,Manning-Hawkesbury
0.603553390593274,SYD31,5550.65638082907,meio,-33.840111,151.277492,Manning-Hawkesbury
0.603553390593274,SYD37,13386.8085038159,meio,-33.83036,151.26378,Manning-Hawkesbury
0.603553390593274,SYD6,8839.86470175192,meio,-33.85595,151.26602,Manning-Hawkesbury
0.603553390593274,SYD9,8435.83987136172,meio,-33.852053,151.263956,Manning-Hawkesbury
0.603553390593274,TAS26,9173.45507514472,meio,-43.14242,147.29123,Bassian
0.603553390593274,TAS43,10141.5643890227,meio,-43.08944,147.30101,Bassian
0.603553390593274,TAS84,1867.33412462025,meio,-41.87563,148.31159,Bassian
0.603553390593274,TAS88,2089.50190991101,meio,-41.87094,148.31732,Bassian
0.853553390593274,BS-S8,7501.65400039422,meio,-39.21514893,146.9923859,Cape Howe
0.853553390593274,DE4,5861.43038181954,meio,-42.90611,147.3447,Bassian
0.853553390593274,DE46,5244.59848252218,meio,-42.861017,147.3501,Bassian
0.853553390593274,DE7,14806.1119607024,meio,-43.01334,147.33089,Bassian
0.853553390593274,EMR1,708.610760587862,meio,-29.45103,159.06227,Lord Howe and Norfolk Islands
0.853553390593274,EMR18,1260.48166083067,meio,-29.92554,159.0511,Lord Howe and Norfolk Islands
0.853553390593274,EMR2,1429.53093952493,meio,-29.45683,159.0622,Lord Howe and Norfolk Islands
0.853553390593274,EMR20,677.829093914418,meio,-29.93192,159.06155,Lord Howe and Norfolk Islands
0.853553390593274,EMR25,379.879057872164,meio,-29.91181,159.08131,Lord Howe and Norfolk Islands
0.853553390593274,EMR37,1215.21723993445,meio,-29.48267,159.06495,Lord Howe and Norfolk Islands
0.853553390593274,EMR42,1144.68561709699,meio,-29.94249,159.0847,Lord Howe and Norfolk Islands
0.853553390593274,EMR5,131.415356169496,meio,-29.44269,159.06088,Lord Howe and Norfolk Islands
0.853553390593274,EMR8,1316.96880498854,meio,-29.44563,159.09369,Lord Howe and Norfolk Islands
0.853553390593274,GBR24,1233.82633125817,meio,-19.81261,149.13292,Central and Southern Great Barrier Reef
0.853553390593274,GBR27,2941.85449740233,meio,-19.79517,149.07878,Central and Southern Great Barrier Reef
0.853553390593274,GBR76,2500.66040843498,meio,-19.80832,149.06582,Central and Southern Great Barrier Reef
0.853553390593274,JBMP25,7971.94734880204,meio,-35.06756,150.68239,Cape Howe
0.853553390593274,JBMP6,6101.93495791527,meio,-35.13676,150.76428,Cape Howe
0.853553390593274,KG-S13,2524.04208875315,meio,-39.44477844,147.3012238,Cape Howe
0.853553390593274,KG-S15,2012.92379122804,meio,-39.49295044,147.3421478,Cape Howe
0.853553390593274,KG-S4,1815.67328089,meio,-39.46456909,147.2946625,Cape Howe
0.853553390593274,NIN-S1,9259.68799242343,meio,-43.27292,147.14343,Bassian
0.853553390593274,NIN-S2,9946.20843432165,meio,-43.29383,147.14182,Bassian
0.853553390593274,NSW47,3228.77342110062,meio,-37.10968,149.92238,Cape Howe
0.853553390593274,NSW5,2294.88401808537,meio,-37.10036,149.9285,Cape Howe
0.853553390593274,PS13,644.070692630647,meio,-32.71802,152.14133,Manning-Hawkesbury
0.853553390593274,PS17,1305.29609119595,meio,-32.714463,152.15183,Manning-Hawkesbury
0.853553390593274,QLD43,725.998211448634,meio,-14.69473,145.45921,Torres Strait Northern Great Barrier Reef
0.853553390593274,QLD44,931.065881299199,meio,-14.68942,145.46617,Torres Strait Northern Great Barrier Reef
0.853553390593274,QLD48,1075.97795203555,meio,-14.68689,145.44195,Torres Strait Northern Great Barrier Reef
0.853553390593274,QLD51,1220.80132222432,meio,-14.65706,145.45076,Torres Strait Northern Great Barrier Reef
0.853553390593274,SI21,3023.17140823625,meio,-30.00751,153.27028,Tweed-Moreton
0.853553390593274,SI29,2940.2877065684,meio,-29.98321,153.2278,Tweed-Moreton
0.853553390593274,SI6,1957.51996906275,meio,-30.01765,153.2692,Tweed-Moreton
0.853553390593274,SYD1,922.991889173315,meio,-33.85186,151.21997,Manning-Hawkesbury
0.853553390593274,SYD3,4159.02418471316,meio,-33.86328,151.24196,Manning-Hawkesbury
0.853553390593274,SYD30,5887.835509894,meio,-33.841655,151.253968,Manning-Hawkesbury
0.853553390593274,SYD31,3168.45919907196,meio,-33.840111,151.277492,Manning-Hawkesbury
0.853553390593274,SYD37,7597.57662978893,meio,-33.83036,151.26378,Manning-Hawkesbury
0.853553390593274,SYD6,4482.16143627999,meio,-33.85595,151.26602,Manning-Hawkesbury
0.853553390593274,SYD9,3865.1628568006,meio,-33.852053,151.263956,Manning-Hawkesbury
0.853553390593274,TAS26,5416.20526699558,meio,-43.14242,147.29123,Bassian
0.853553390593274,TAS43,6901.2100192476,meio,-43.08944,147.30101,Bassian
0.853553390593274,TAS84,379.032070644174,meio,-41.87563,148.31159,Bassian
0.853553390593274,TAS88,283.175860170332,meio,-41.87094,148.31732,Bassian
1.20710678118655,BS-S8,1878.62042375823,meio,-39.21514893,146.9923859,Cape Howe
1.20710678118655,DE4,976.326828445114,meio,-42.90611,147.3447,Bassian
1.20710678118655,DE46,1308.32015645737,meio,-42.861017,147.3501,Bassian
1.20710678118655,DE7,5027.16056586311,meio,-43.01334,147.33089,Bassian
1.20710678118655,EMR1,254.119253129339,meio,-29.45103,159.06227,Lord Howe and Norfolk Islands
1.20710678118655,EMR18,207.598851374729,meio,-29.92554,159.0511,Lord Howe and Norfolk Islands
1.20710678118655,EMR2,406.517191267019,meio,-29.45683,159.0622,Lord Howe and Norfolk Islands
1.20710678118655,EMR20,254.884196452032,meio,-29.93192,159.06155,Lord Howe and Norfolk Islands
1.20710678118655,EMR25,137.539356124908,meio,-29.91181,159.08131,Lord Howe and Norfolk Islands
1.20710678118655,EMR37,259.880969628995,meio,-29.48267,159.06495,Lord Howe and Norfolk Islands
1.20710678118655,EMR42,117.676885369812,meio,-29.94249,159.0847,Lord Howe and Norfolk Islands
1.20710678118655,EMR5,200.051392632484,meio,-29.44269,159.06088,Lord Howe and Norfolk Islands
1.20710678118655,EMR8,436.246732472363,meio,-29.44563,159.09369,Lord Howe and Norfolk Islands
1.20710678118655,GBR24,414.127346007785,meio,-19.81261,149.13292,Central and Southern Great Barrier Reef
1.20710678118655,GBR27,577.621034332508,meio,-19.79517,149.07878,Central and Southern Great Barrier Reef
1.20710678118655,GBR76,468.516230299029,meio,-19.80832,149.06582,Central and Southern Great Barrier Reef
1.20710678118655,JBMP25,505.04679146785,meio,-35.06756,150.68239,Cape Howe
1.20710678118655,JBMP6,493.189929602849,meio,-35.13676,150.76428,Cape Howe
1.20710678118655,KG-S13,698.023627287522,meio,-39.44477844,147.3012238,Cape Howe
1.20710678118655,KG-S15,356.986655136292,meio,-39.49295044,147.3421478,Cape Howe
1.20710678118655,KG-S4,506.933454225018,meio,-39.46456909,147.2946625,Cape Howe
1.20710678118655,NIN-S1,2779.05627266318,meio,-43.27292,147.14343,Bassian
1.20710678118655,NIN-S2,2261.9631905694,meio,-43.29383,147.14182,Bassian
1.20710678118655,NSW47,326.900986204497,meio,-37.10968,149.92238,Cape Howe
1.20710678118655,NSW5,649.336005705596,meio,-37.10036,149.9285,Cape Howe
1.20710678118655,PS13,210.738883070599,meio,-32.71802,152.14133,Manning-Hawkesbury
1.20710678118655,PS17,404.112709360606,meio,-32.714463,152.15183,Manning-Hawkesbury
1.20710678118655,QLD43,199.725174849498,meio,-14.69473,145.45921,Torres Strait Northern Great Barrier Reef
1.20710678118655,QLD44,150.799092812187,meio,-14.68942,145.46617,Torres Strait Northern Great Barrier Reef
1.20710678118655,QLD48,191.122246196983,meio,-14.68689,145.44195,Torres Strait Northern Great Barrier Reef
1.20710678118655,QLD51,202.994219311109,meio,-14.65706,145.45076,Torres Strait Northern Great Barrier Reef
1.20710678118655,SI21,416.719366301085,meio,-30.00751,153.27028,Tweed-Moreton
1.20710678118655,SI29,582.414947454862,meio,-29.98321,153.2278,Tweed-Moreton
1.20710678118655,SI6,288.420443654116,meio,-30.01765,153.2692,Tweed-Moreton
1.20710678118655,SYD1,619.717054187841,meio,-33.85186,151.21997,Manning-Hawkesbury
1.20710678118655,SYD3,634.676155849613,meio,-33.86328,151.24196,Manning-Hawkesbury
1.20710678118655,SYD30,381.857280625522,meio,-33.841655,151.253968,Manning-Hawkesbury
1.20710678118655,SYD31,194.039413381035,meio,-33.840111,151.277492,Manning-Hawkesbury
1.20710678118655,SYD37,551.458214246393,meio,-33.83036,151.26378,Manning-Hawkesbury
1.20710678118655,SYD6,662.650447974066,meio,-33.85595,151.26602,Manning-Hawkesbury
1.20710678118655,SYD9,481.40584022421,meio,-33.852053,151.263956,Manning-Hawkesbury
1.20710678118655,TAS26,1457.70925890726,meio,-43.14242,147.29123,Bassian
1.20710678118655,TAS43,1705.61099539974,meio,-43.08944,147.30101,Bassian
1.20710678118655,TAS84,46.1616227036461,meio,-41.87563,148.31159,Bassian
1.20710678118655,TAS88,59.3411355137698,meio,-41.87094,148.31732,Bassian
1.70710678118655,BS-S8,620.056730210774,meio,-39.21514893,146.9923859,Cape Howe
1.70710678118655,DE4,257.006384804861,meio,-42.90611,147.3447,Bassian
1.70710678118655,DE46,638.519209296355,meio,-42.861017,147.3501,Bassian
1.70710678118655,DE7,3732.82520909221,meio,-43.01334,147.33089,Bassian
1.70710678118655,EMR1,72.7479013575363,meio,-29.45103,159.06227,Lord Howe and Norfolk Islands
1.70710678118655,EMR18,74.5570875046094,meio,-29.92554,159.0511,Lord Howe and Norfolk Islands
1.70710678118655,EMR2,62.306630837632,meio,-29.45683,159.0622,Lord Howe and Norfolk Islands
1.70710678118655,EMR20,17.2507815478585,meio,-29.93192,159.06155,Lord Howe and Norfolk Islands
1.70710678118655,EMR25,9.08636036071916,meio,-29.91181,159.08131,Lord Howe and Norfolk Islands
1.70710678118655,EMR37,32.6247073737684,meio,-29.48267,159.06495,Lord Howe and Norfolk Islands
1.70710678118655,EMR42,154.219790455338,meio,-29.94249,159.0847,Lord Howe and Norfolk Islands
1.70710678118655,EMR5,1.39299913344822,meio,-29.44269,159.06088,Lord Howe and Norfolk Islands
1.70710678118655,EMR8,65.1213989875547,meio,-29.44563,159.09369,Lord Howe and Norfolk Islands
1.70710678118655,GBR24,117.855512361949,meio,-19.81261,149.13292,Central and Southern Great Barrier Reef
1.70710678118655,GBR27,242.876139871159,meio,-19.79517,149.07878,Central and Southern Great Barrier Reef
1.70710678118655,GBR76,220.327885394487,meio,-19.80832,149.06582,Central and Southern Great Barrier Reef
1.70710678118655,JBMP25,123.392099224969,meio,-35.06756,150.68239,Cape Howe
1.70710678118655,JBMP6,195.110220424362,meio,-35.13676,150.76428,Cape Howe
1.70710678118655,KG-S13,358.923316603626,meio,-39.44477844,147.3012238,Cape Howe
1.70710678118655,KG-S15,184.272209296733,meio,-39.49295044,147.3421478,Cape Howe
1.70710678118655,KG-S4,177.115173170023,meio,-39.46456909,147.2946625,Cape Howe
1.70710678118655,NIN-S1,996.48618434717,meio,-43.27292,147.14343,Bassian
1.70710678118655,NIN-S2,917.979452687042,meio,-43.29383,147.14182,Bassian
1.70710678118655,NSW47,86.5582452284679,meio,-37.10968,149.92238,Cape Howe
1.70710678118655,NSW5,337.383477933327,meio,-37.10036,149.9285,Cape Howe
1.70710678118655,PS13,54.2014676550472,meio,-32.71802,152.14133,Manning-Hawkesbury
1.70710678118655,PS17,111.506076677047,meio,-32.714463,152.15183,Manning-Hawkesbury
1.70710678118655,QLD43,24.3940990977693,meio,-14.69473,145.45921,Torres Strait Northern Great Barrier Reef
1.70710678118655,QLD44,38.5588544335282,meio,-14.68942,145.46617,Torres Strait Northern Great Barrier Reef
1.70710678118655,QLD48,95.8481523830711,meio,-14.68689,145.44195,Torres Strait Northern Great Barrier Reef
1.70710678118655,QLD51,41.9093192096676,meio,-14.65706,145.45076,Torres Strait Northern Great Barrier Reef
1.70710678118655,SI21,123.752197575859,meio,-30.00751,153.27028,Tweed-Moreton
1.70710678118655,SI29,284.929657797434,meio,-29.98321,153.2278,Tweed-Moreton
1.70710678118655,SI6,140.689272435649,meio,-30.01765,153.2692,Tweed-Moreton
1.70710678118655,SYD1,91.9975408869511,meio,-33.85186,151.21997,Manning-Hawkesbury
1.70710678118655,SYD3,144.474560560742,meio,-33.86328,151.24196,Manning-Hawkesbury
1.70710678118655,SYD30,59.9759021037232,meio,-33.841655,151.253968,Manning-Hawkesbury
1.70710678118655,SYD31,25.026350542136,meio,-33.840111,151.277492,Manning-Hawkesbury
1.70710678118655,SYD37,183.684191400442,meio,-33.83036,151.26378,Manning-Hawkesbury
1.70710678118655,SYD6,260.63089766127,meio,-33.85595,151.26602,Manning-Hawkesbury
1.70710678118655,SYD9,155.870872476778,meio,-33.852053,151.263956,Manning-Hawkesbury
1.70710678118655,TAS26,597.825534793786,meio,-43.14242,147.29123,Bassian
1.70710678118655,TAS43,793.247032367237,meio,-43.08944,147.30101,Bassian
1.70710678118655,TAS84,22.299461954631,meio,-41.87563,148.31159,Bassian
1.70710678118655,TAS88,61.0882521175256,meio,-41.87094,148.31732,Bassian
2.4142135623731,BS-S8,223.214651589052,meio,-39.21514893,146.9923859,Cape Howe
2.4142135623731,DE4,20.7833988182746,meio,-42.90611,147.3447,Bassian
2.4142135623731,DE46,198.999076976958,meio,-42.861017,147.3501,Bassian
2.4142135623731,DE7,819.523761704147,meio,-43.01334,147.33089,Bassian
2.4142135623731,EMR1,7.08301688766102,meio,-29.45103,159.06227,Lord Howe and Norfolk Islands
2.4142135623731,EMR18,6.64646112567889,meio,-29.92554,159.0511,Lord Howe and Norfolk Islands
2.4142135623731,EMR2,3.676238136996,meio,-29.45683,159.0622,Lord Howe and Norfolk Islands
2.4142135623731,EMR20,8.64820299556826,meio,-29.93192,159.06155,Lord Howe and Norfolk Islands
2.4142135623731,EMR25,0.61803867194337,meio,-29.91181,159.08131,Lord Howe and Norfolk Islands
2.4142135623731,EMR37,2.26614179712569,meio,-29.48267,159.06495,Lord Howe and Norfolk Islands
2.4142135623731,EMR42,3.30742029410186,meio,-29.94249,159.0847,Lord Howe and Norfolk Islands
2.4142135623731,EMR5,0.103006445323895,meio,-29.44269,159.06088,Lord Howe and Norfolk Islands
2.4142135623731,EMR8,24.8838600638961,meio,-29.44563,159.09369,Lord Howe and Norfolk Islands
2.4142135623731,GBR24,18.2602381224355,meio,-19.81261,149.13292,Central and Southern Great Barrier Reef
2.4142135623731,GBR27,49.8044524029568,meio,-19.79517,149.07878,Central and Southern Great Barrier Reef
2.4142135623731,GBR76,66.3260859117907,meio,-19.80832,149.06582,Central and Southern Great Barrier Reef
2.4142135623731,JBMP25,21.6768914246764,meio,-35.06756,150.68239,Cape Howe
2.4142135623731,JBMP6,20.4346757389906,meio,-35.13676,150.76428,Cape Howe
2.4142135623731,KG-S13,74.1170550403597,meio,-39.44477844,147.3012238,Cape Howe
2.4142135623731,KG-S15,40.6998875991437,meio,-39.49295044,147.3421478,Cape Howe
2.4142135623731,KG-S4,89.451915547663,meio,-39.46456909,147.2946625,Cape Howe
2.4142135623731,NIN-S1,196.54067483473,meio,-43.27292,147.14343,Bassian
2.4142135623731,NIN-S2,179.846481889122,meio,-43.29383,147.14182,Bassian
2.4142135623731,NSW47,31.1446510623926,meio,-37.10968,149.92238,Cape Howe
2.4142135623731,NSW5,116.953196184663,meio,-37.10036,149.9285,Cape Howe
2.4142135623731,PS13,20.7030249997845,meio,-32.71802,152.14133,Manning-Hawkesbury
2.4142135623731,PS17,56.273524149445,meio,-32.714463,152.15183,Manning-Hawkesbury
2.4142135623731,QLD43,19.6418323962959,meio,-14.69473,145.45921,Torres Strait Northern Great Barrier Reef
2.4142135623731,QLD44,6.77436963926259,meio,-14.68942,145.46617,Torres Strait Northern Great Barrier Reef
2.4142135623731,QLD48,42.5394229960866,meio,-14.68689,145.44195,Torres Strait Northern Great Barrier Reef
2.4142135623731,QLD51,30.785981628962,meio,-14.65706,145.45076,Torres Strait Northern Great Barrier Reef
2.4142135623731,SI21,207.586253673811,meio,-30.00751,153.27028,Tweed-Moreton
2.4142135623731,SI29,101.246966301069,meio,-29.98321,153.2278,Tweed-Moreton
2.4142135623731,SI6,46.8605281943583,meio,-30.01765,153.2692,Tweed-Moreton
2.4142135623731,SYD1,55.0246992093943,meio,-33.85186,151.21997,Manning-Hawkesbury
2.4142135623731,SYD3,61.9203790438063,meio,-33.86328,151.24196,Manning-Hawkesbury
2.4142135623731,SYD30,19.9440109595059,meio,-33.841655,151.253968,Manning-Hawkesbury
2.4142135623731,SYD31,9.30253256222757,meio,-33.840111,151.277492,Manning-Hawkesbury
2.4142135623731,SYD37,25.8844640712521,meio,-33.83036,151.26378,Manning-Hawkesbury
2.4142135623731,SYD6,77.4917745148477,meio,-33.85595,151.26602,Manning-Hawkesbury
2.4142135623731,SYD9,67.8064662743703,meio,-33.852053,151.263956,Manning-Hawkesbury
2.4142135623731,TAS26,200.835105703602,meio,-43.14242,147.29123,Bassian
2.4142135623731,TAS43,253.931052896508,meio,-43.08944,147.30101,Bassian
2.4142135623731,TAS84,16.5155100185207,meio,-41.87563,148.31159,Bassian
2.4142135623731,TAS88,18.2310055561911,meio,-41.87094,148.31732,Bassian
3.4142135623731,BS-S8,76.4493148510924,meio,-39.21514893,146.9923859,Cape Howe
3.4142135623731,DE4,30.4355914326902,meio,-42.90611,147.3447,Bassian
3.4142135623731,DE46,28.5847692135319,meio,-42.861017,147.3501,Bassian
3.4142135623731,DE7,100.434807312472,meio,-43.01334,147.33089,Bassian
3.4142135623731,EMR1,0.628078944230032,meio,-29.45103,159.06227,Lord Howe and Norfolk Islands
3.4142135623731,EMR18,5.03124231888413,meio,-29.92554,159.0511,Lord Howe and Norfolk Islands
3.4142135623731,EMR2,0.450166161110236,meio,-29.45683,159.0622,Lord Howe and Norfolk Islands
3.4142135623731,EMR20,17.1582666548208,meio,-29.93192,159.06155,Lord Howe and Norfolk Islands
3.4142135623731,EMR25,1.71165906563479,meio,-29.91181,159.08131,Lord Howe and Norfolk Islands
3.4142135623731,EMR37,2.87704396154595,meio,-29.48267,159.06495,Lord Howe and Norfolk Islands
3.4142135623731,EMR42,100.858857088451,meio,-29.94249,159.0847,Lord Howe and Norfolk Islands
3.4142135623731,EMR5,0.0728365559944475,meio,-29.44269,159.06088,Lord Howe and Norfolk Islands
3.4142135623731,EMR8,5.38990514265021,meio,-29.44563,159.09369,Lord Howe and Norfolk Islands
3.4142135623731,GBR24,2.87056825166033,meio,-19.81261,149.13292,Central and Southern Great Barrier Reef
3.4142135623731,GBR27,5.12587262795667,meio,-19.79517,149.07878,Central and Southern Great Barrier Reef
3.4142135623731,GBR76,10.4745904730975,meio,-19.80832,149.06582,Central and Southern Great Barrier Reef
3.4142135623731,JBMP25,0.614959377549533,meio,-35.06756,150.68239,Cape Howe
3.4142135623731,JBMP6,7.86832046861701,meio,-35.13676,150.76428,Cape Howe
3.4142135623731,KG-S13,14.5273323454425,meio,-39.44477844,147.3012238,Cape Howe
3.4142135623731,KG-S15,6.08585251440738,meio,-39.49295044,147.3421478,Cape Howe
3.4142135623731,KG-S4,23.8694541250382,meio,-39.46456909,147.2946625,Cape Howe
3.4142135623731,NIN-S1,7.94554580346464,meio,-43.27292,147.14343,Bassian
3.4142135623731,NIN-S2,25.8548078382554,meio,-43.29383,147.14182,Bassian
3.4142135623731,NSW47,5.77788524046077,meio,-37.10968,149.92238,Cape Howe
3.4142135623731,NSW5,14.1511121489971,meio,-37.10036,149.9285,Cape Howe
3.4142135623731,PS13,7.8321149565042,meio,-32.71802,152.14133,Manning-Hawkesbury
3.4142135623731,PS17,22.963735217053,meio,-32.714463,152.15183,Manning-Hawkesbury
3.4142135623731,QLD43,2.85518084935632,meio,-14.69473,145.45921,Torres Strait Northern Great Barrier Reef
3.4142135623731,QLD44,1.3523728676299,meio,-14.68942,145.46617,Torres Strait Northern Great Barrier Reef
3.4142135623731,QLD48,2.52337661966571,meio,-14.68689,145.44195,Torres Strait Northern Great Barrier Reef
3.4142135623731,QLD51,0.708938429775497,meio,-14.65706,145.45076,Torres Strait Northern Great Barrier Reef
3.4142135623731,SI21,56.3398634137998,meio,-30.00751,153.27028,Tweed-Moreton
3.4142135623731,SI29,0.954193885395813,meio,-29.98321,153.2278,Tweed-Moreton
3.4142135623731,SI6,16.7524354321946,meio,-30.01765,153.2692,Tweed-Moreton
3.4142135623731,SYD1,0.82770129791047,meio,-33.85186,151.21997,Manning-Hawkesbury
3.4142135623731,SYD3,1.10075283318747,meio,-33.86328,151.24196,Manning-Hawkesbury
3.4142135623731,SYD30,0.215672749298895,meio,-33.841655,151.253968,Manning-Hawkesbury
3.4142135623731,SYD31,0.676880628568838,meio,-33.840111,151.277492,Manning-Hawkesbury
3.4142135623731,SYD37,9.34535783030702,meio,-33.83036,151.26378,Manning-Hawkesbury
3.4142135623731,SYD6,3.42462214304781,meio,-33.85595,151.26602,Manning-Hawkesbury
3.4142135623731,SYD9,4.2862703392582,meio,-33.852053,151.263956,Manning-Hawkesbury
3.4142135623731,TAS26,44.3518120801508,meio,-43.14242,147.29123,Bassian
3.4142135623731,TAS43,33.2746411282958,meio,-43.08944,147.30101,Bassian
3.4142135623731,TAS84,1.46235078819902,meio,-41.87563,148.31159,Bassian
3.4142135623731,TAS88,1.41456199462862,meio,-41.87094,148.31732,Bassian
4.82842712474619,BS-S8,6.69250673116314,meio,-39.21514893,146.9923859,Cape Howe
4.82842712474619,DE4,0.00149371529452604,meio,-42.90611,147.3447,Bassian
4.82842712474619,DE46,28.4736082193396,meio,-42.861017,147.3501,Bassian
4.82842712474619,DE7,10.3151176194925,meio,-43.01334,147.33089,Bassian
4.82842712474619,EMR1,0.132420929432766,meio,-29.45103,159.06227,Lord Howe and Norfolk Islands
4.82842712474619,EMR18,0.246532435943326,meio,-29.92554,159.0511,Lord Howe and Norfolk Islands
4.82842712474619,EMR2,0.0196050122604036,meio,-29.45683,159.0622,Lord Howe and Norfolk Islands
4.82842712474619,EMR20,5.16286947524851,meio,-29.93192,159.06155,Lord Howe and Norfolk Islands
4.82842712474619,EMR37,0.515032226619475,meio,-29.48267,159.06495,Lord Howe and Norfolk Islands
4.82842712474619,EMR42,48.5742969830492,meio,-29.94249,159.0847,Lord Howe and Norfolk Islands
4.82842712474619,GBR24,1.55137028378175,meio,-19.81261,149.13292,Central and Southern Great Barrier Reef
4.82842712474619,GBR27,0.643790283198899,meio,-19.79517,149.07878,Central and Southern Great Barrier Reef
4.82842712474619,JBMP25,6.2942076729592,meio,-35.06756,150.68239,Cape Howe
4.82842712474619,JBMP6,4.68460165351176,meio,-35.13676,150.76428,Cape Howe
4.82842712474619,KG-S13,7.18899147892143,meio,-39.44477844,147.3012238,Cape Howe
4.82842712474619,KG-S15,1.67696004576625,meio,-39.49295044,147.3421478,Cape Howe
4.82842712474619,KG-S4,0.140721906916868,meio,-39.46456909,147.2946625,Cape Howe
4.82842712474619,NIN-S1,3.50112070553769,meio,-43.27292,147.14343,Bassian
4.82842712474619,NIN-S2,2.37819112443994,meio,-43.29383,147.14182,Bassian
4.82842712474619,NSW47,2.69873725038896,meio,-37.10968,149.92238,Cape Howe
4.82842712474619,NSW5,7.94997908293174,meio,-37.10036,149.9285,Cape Howe
4.82842712474619,PS13,1.18149146318679,meio,-32.71802,152.14133,Manning-Hawkesbury
4.82842712474619,PS17,4.39537908617561,meio,-32.714463,152.15183,Manning-Hawkesbury
4.82842712474619,QLD43,0.0564624353099625,meio,-14.69473,145.45921,Torres Strait Northern Great Barrier Reef
4.82842712474619,QLD44,2.49870662082189,meio,-14.68942,145.46617,Torres Strait Northern Great Barrier Reef
4.82842712474619,QLD48,3.45327767426311,meio,-14.68689,145.44195,Torres Strait Northern Great Barrier Reef
4.82842712474619,QLD51,0.0188208117699875,meio,-14.65706,145.45076,Torres Strait Northern Great Barrier Reef
4.82842712474619,SI21,5.15459973549314,meio,-30.00751,153.27028,Tweed-Moreton
4.82842712474619,SI29,5.24850428026017,meio,-29.98321,153.2278,Tweed-Moreton
4.82842712474619,SI6,7.75934801631392,meio,-30.01765,153.2692,Tweed-Moreton
4.82842712474619,SYD1,0.0179973530832743,meio,-33.85186,151.21997,Manning-Hawkesbury
4.82842712474619,SYD3,3.1375169195697,meio,-33.86328,151.24196,Manning-Hawkesbury
4.82842712474619,SYD30,4.55911071001224,meio,-33.841655,151.253968,Manning-Hawkesbury
4.82842712474619,SYD31,2.69065511587988,meio,-33.840111,151.277492,Manning-Hawkesbury
4.82842712474619,SYD37,7.90926826259712,meio,-33.83036,151.26378,Manning-Hawkesbury
4.82842712474619,SYD6,2.5561127881322,meio,-33.85595,151.26602,Manning-Hawkesbury
4.82842712474619,SYD9,2.27953587795544,meio,-33.852053,151.263956,Manning-Hawkesbury
4.82842712474619,TAS26,26.3655647152028,meio,-43.14242,147.29123,Bassian
4.82842712474619,TAS43,31.1695425979803,meio,-43.08944,147.30101,Bassian
4.82842712474619,TAS84,0.313847763108502,meio,-41.87563,148.31159,Bassian
4.82842712474619,TAS88,0.670614871730822,meio,-41.87094,148.31732,Bassian
6.82842712474619,EMR1,0.105560223955335,meio,-29.45103,159.06227,Lord Howe and Norfolk Islands
6.82842712474619,EMR18,0.2269051493046,meio,-29.92554,159.0511,Lord Howe and Norfolk Islands
6.82842712474619,EMR2,0.113807114193485,meio,-29.45683,159.0622,Lord Howe and Norfolk Islands
6.82842712474619,EMR20,0.437019335983756,meio,-29.93192,159.06155,Lord Howe and Norfolk Islands
6.82842712474619,EMR8,1.74807734393502,meio,-29.44563,159.09369,Lord Howe and Norfolk Islands
6.82842712474619,GBR24,2.18509667991878,meio,-19.81261,149.13292,Central and Southern Great Barrier Reef
6.82842712474619,GBR27,0.6069712998826,meio,-19.79517,149.07878,Central and Southern Great Barrier Reef
6.82842712474619,JBMP6,0.794228412541369,meio,-35.13676,150.76428,Cape Howe
6.82842712474619,NSW5,2.35789769384393,meio,-37.10036,149.9285,Cape Howe
6.82842712474619,PS13,2.18509667991878,meio,-32.71802,152.14133,Manning-Hawkesbury
6.82842712474619,PS17,1.49314939765998,meio,-32.714463,152.15183,Manning-Hawkesbury
6.82842712474619,QLD44,0.383350290190274,meio,-14.68942,145.46617,Torres Strait Northern Great Barrier Reef
6.82842712474619,SI21,5.95935457663054,meio,-30.00751,153.27028,Tweed-Moreton
6.82842712474619,SI6,0.546274169979695,meio,-30.01765,153.2692,Tweed-Moreton
6.82842712474619,SYD3,0.136236294876955,meio,-33.86328,151.24196,Manning-Hawkesbury
6.82842712474619,SYD37,1.24429118960247,meio,-33.83036,151.26378,Manning-Hawkesbury
9.65685424949239,DE46,0.0624281480593056,meio,-42.861017,147.3501,Bassian
9.65685424949239,DE7,1.28090915845507,meio,-43.01334,147.33089,Bassian
9.65685424949239,NIN-S1,7.91576622748693,meio,-43.27292,147.14343,Bassian
9.65685424949239,NIN-S2,6.29755044295342,meio,-43.29383,147.14182,Bassian
9.65685424949239,TAS43,0.0766417010059302,meio,-43.08944,147.30101,Bassian
19.3137084989848,EMR1,0.0746423501955084,meio,-29.45103,159.06227,Lord Howe and Norfolk Islands
19.3137084989848,EMR18,0.160446169787632,meio,-29.92554,159.0511,Lord Howe and Norfolk Islands
19.3137084989848,GBR27,0.429193522208044,meio,-19.79517,149.07878,Central and Southern Great Barrier Reef
19.3137084989848,QLD44,0.271069589811023,meio,-14.68942,145.46617,Torres Strait Northern Great Barrier Reef
19.3137084989848,TAS26,0.0147808997558562,meio,-43.14242,147.29123,Bassian
27.3137084989848,BS-S8,0.00752193925460322,macro,-39.21514893,146.9923859,Cape Howe
27.3137084989848,DE4,0.0927172370531943,macro,-42.90611,147.3447,Bassian
27.3137084989848,DE46,0.384454673013053,macro,-42.861017,147.3501,Bassian
27.3137084989848,DE7,0.0674307178568686,macro,-43.01334,147.33089,Bassian
27.3137084989848,EMR1,0.0747591117947218,both,-29.45103,159.06227,Lord Howe and Norfolk Islands
27.3137084989848,EMR18,0.275841107232613,both,-29.92554,159.0511,Lord Howe and Norfolk Islands
27.3137084989848,EMR2,0.0542006403026728,macro,-29.45683,159.0622,Lord Howe and Norfolk Islands
27.3137084989848,EMR20,0.0352090773619725,macro,-29.93192,159.06155,Lord Howe and Norfolk Islands
27.3137084989848,EMR25,0.137208707537869,macro,-29.91181,159.08131,Lord Howe and Norfolk Islands
27.3137084989848,EMR37,0.46251924352773,macro,-29.48267,159.06495,Lord Howe and Norfolk Islands
27.3137084989848,EMR42,0.12621920763398,macro,-29.94249,159.0847,Lord Howe and Norfolk Islands
27.3137084989848,EMR5,0.518053561003205,macro,-29.44269,159.06088,Lord Howe and Norfolk Islands
27.3137084989848,EMR8,0.213281653474494,macro,-29.44563,159.09369,Lord Howe and Norfolk Islands
27.3137084989848,GBR24,0.0812476133670972,macro,-19.81261,149.13292,Central and Southern Great Barrier Reef
27.3137084989848,GBR27,0.58345116210924,both,-19.79517,149.07878,Central and Southern Great Barrier Reef
27.3137084989848,GBR76,0.165322622340535,macro,-19.80832,149.06582,Central and Southern Great Barrier Reef
27.3137084989848,JBMP25,0.134221270670792,macro,-35.06756,150.68239,Cape Howe
27.3137084989848,JBMP6,0.113202518427433,macro,-35.13676,150.76428,Cape Howe
27.3137084989848,KG-S13,0.0641498720117757,macro,-39.44477844,147.3012238,Cape Howe
27.3137084989848,KG-S15,0.0602555346671939,macro,-39.49295044,147.3421478,Cape Howe
27.3137084989848,KG-S4,0.0271536672382485,macro,-39.46456909,147.2946625,Cape Howe
27.3137084989848,NIN-S1,0.0144037134662615,macro,-43.27292,147.14343,Bassian
27.3137084989848,NIN-S2,0.0219256527208647,macro,-43.29383,147.14182,Bassian
27.3137084989848,NSW47,0.0337153589284343,macro,-37.10968,149.92238,Cape Howe
27.3137084989848,NSW5,0.0567613004744527,macro,-37.10036,149.9285,Cape Howe
27.3137084989848,PS13,0.030864127389644,macro,-32.71802,152.14133,Manning-Hawkesbury
27.3137084989848,PS17,0.0268119575193792,macro,-32.714463,152.15183,Manning-Hawkesbury
27.3137084989848,QLD43,1.40132127900651,macro,-14.69473,145.45921,Torres Strait Northern Great Barrier Reef
27.3137084989848,QLD44,0.527370580704243,both,-14.68942,145.46617,Torres Strait Northern Great Barrier Reef
27.3137084989848,QLD48,0.302264594443843,macro,-14.68689,145.44195,Torres Strait Northern Great Barrier Reef
27.3137084989848,QLD51,0.225622612913489,macro,-14.65706,145.45076,Torres Strait Northern Great Barrier Reef
27.3137084989848,SI21,0.208907192347704,macro,-30.00751,153.27028,Tweed-Moreton
27.3137084989848,SI29,0.0023472718241315,macro,-29.98321,153.2278,Tweed-Moreton
27.3137084989848,SI6,0.0970238018875513,macro,-30.01765,153.2692,Tweed-Moreton
27.3137084989848,SYD1,0.0196317279836453,macro,-33.85186,151.21997,Manning-Hawkesbury
27.3137084989848,SYD3,0.0345689123190276,macro,-33.86328,151.24196,Manning-Hawkesbury
27.3137084989848,SYD30,0.108828057300642,macro,-33.841655,151.253968,Manning-Hawkesbury
27.3137084989848,SYD31,0.129609711379948,macro,-33.840111,151.277492,Manning-Hawkesbury
27.3137084989848,SYD37,0.187847403883643,macro,-33.83036,151.26378,Manning-Hawkesbury
27.3137084989848,SYD6,0.0463052714396851,macro,-33.85595,151.26602,Manning-Hawkesbury
27.3137084989848,SYD9,0.0425709753558395,macro,-33.852053,151.263956,Manning-Hawkesbury
27.3137084989848,TAS26,0.00853553390593273,macro,-43.14242,147.29123,Bassian
27.3137084989848,TAS43,0.0101359465132951,macro,-43.08944,147.30101,Bassian
27.3137084989848,TAS84,0.0110961940777125,macro,-41.87563,148.31159,Bassian
27.3137084989848,TAS88,0.0011380711874577,macro,-41.87094,148.31732,Bassian
54.6274169979696,BS-S8,0.00484124813727122,macro,-39.21514893,146.9923859,Cape Howe
54.6274169979696,DE4,0.0497194850020581,macro,-42.90611,147.3447,Bassian
54.6274169979696,DE46,0.173769244434947,macro,-42.861017,147.3501,Bassian
54.6274169979696,DE7,0.0018138009550107,macro,-43.01334,147.33089,Bassian
54.6274169979696,EMR1,0.0403570712489882,macro,-29.45103,159.06227,Lord Howe and Norfolk Islands
54.6274169979696,EMR18,0.0505730383926514,macro,-29.92554,159.0511,Lord Howe and Norfolk Islands
54.6274169979696,EMR2,0.0327284378205608,macro,-29.45683,159.0622,Lord Howe and Norfolk Islands
54.6274169979696,EMR20,0.010082599426383,macro,-29.93192,159.06155,Lord Howe and Norfolk Islands
54.6274169979696,EMR25,0.227178569615091,macro,-29.91181,159.08131,Lord Howe and Norfolk Islands
54.6274169979696,EMR37,0.148144860354845,macro,-29.48267,159.06495,Lord Howe and Norfolk Islands
54.6274169979696,EMR42,0.0225124706768976,macro,-29.94249,159.0847,Lord Howe and Norfolk Islands
54.6274169979696,EMR5,0.0514799388701568,macro,-29.44269,159.06088,Lord Howe and Norfolk Islands
54.6274169979696,EMR8,0.052306818717294,macro,-29.44563,159.09369,Lord Howe and Norfolk Islands
54.6274169979696,GBR24,0.0582816924514469,macro,-19.81261,149.13292,Central and Southern Great Barrier Reef
54.6274169979696,GBR27,0.256706182220927,macro,-19.79517,149.07878,Central and Southern Great Barrier Reef
54.6274169979696,GBR76,0.0525468806083983,macro,-19.80832,149.06582,Central and Southern Great Barrier Reef
54.6274169979696,JBMP25,0.0794871594989985,macro,-35.06756,150.68239,Cape Howe
54.6274169979696,JBMP6,0.109681610691236,macro,-35.13676,150.76428,Cape Howe
54.6274169979696,KG-S13,0.0259000106958146,macro,-39.44477844,147.3012238,Cape Howe
54.6274169979696,KG-S15,0.00780201146089163,macro,-39.49295044,147.3421478,Cape Howe
54.6274169979696,KG-S4,0.0168843530076732,macro,-39.46456909,147.2946625,Cape Howe
54.6274169979696,NIN-S1,0.0579882834734305,macro,-43.27292,147.14343,Bassian
54.6274169979696,NIN-S2,0.0718851996140272,macro,-43.29383,147.14182,Bassian
54.6274169979696,NSW47,0.0145104076400856,macro,-37.10968,149.92238,Cape Howe
54.6274169979696,NSW5,0.0311280252131984,macro,-37.10036,149.9285,Cape Howe
54.6274169979696,PS13,0.0209710803784592,macro,-32.71802,152.14133,Manning-Hawkesbury
54.6274169979696,PS17,0.0219184436550658,macro,-32.714463,152.15183,Manning-Hawkesbury
54.6274169979696,QLD43,0.146891203812411,macro,-14.69473,145.45921,Torres Strait Northern Great Barrier Reef
54.6274169979696,QLD44,0.085817680479232,macro,-14.68942,145.46617,Torres Strait Northern Great Barrier Reef
54.6274169979696,QLD48,0.66107710101449,macro,-14.68689,145.44195,Torres Strait Northern Great Barrier Reef
54.6274169979696,QLD51,0.0466609186857656,macro,-14.65706,145.45076,Torres Strait Northern Great Barrier Reef
54.6274169979696,SI21,0.152311860588088,macro,-30.00751,153.27028,Tweed-Moreton
54.6274169979696,SI29,0.0362760191002141,macro,-29.98321,153.2278,Tweed-Moreton
54.6274169979696,SI6,0.0833960460491018,macro,-30.01765,153.2692,Tweed-Moreton
54.6274169979696,SYD1,0.00240061891104358,macro,-33.85186,151.21997,Manning-Hawkesbury
54.6274169979696,SYD3,0.0401170093578838,macro,-33.86328,151.24196,Manning-Hawkesbury
54.6274169979696,SYD30,0.0629895728714379,macro,-33.841655,151.253968,Manning-Hawkesbury
54.6274169979696,SYD31,0.0870505909323111,macro,-33.840111,151.277492,Manning-Hawkesbury
54.6274169979696,SYD37,0.0829013730613716,macro,-33.83036,151.26378,Manning-Hawkesbury
54.6274169979696,SYD6,0.0336442294792182,macro,-33.85595,151.26602,Manning-Hawkesbury
54.6274169979696,SYD9,0.0177645799417225,macro,-33.852053,151.263956,Manning-Hawkesbury
54.6274169979696,TAS26,0.00256066017177982,macro,-43.14242,147.29123,Bassian
54.6274169979696,TAS43,0.0177645799417225,macro,-43.08944,147.30101,Bassian
54.6274169979696,TAS84,0.0160041260736239,macro,-41.87563,148.31159,Bassian
54.6274169979696,TAS88,0.000889118115201326,macro,-41.87094,148.31732,Bassian
77.2548339959391,BS-S8,0.00204642321498032,macro,-39.21514893,146.9923859,Cape Howe
77.2548339959391,DE4,0.0115806806820084,macro,-42.90611,147.3447,Bassian
77.2548339959391,DE46,0.0167486065889633,macro,-42.861017,147.3501,Bassian
77.2548339959391,DE7,0.000301776695296637,macro,-43.01334,147.33089,Bassian
77.2548339959391,EMR1,0.0408341590823262,macro,-29.45103,159.06227,Lord Howe and Norfolk Islands
77.2548339959391,EMR18,0.0290837290092134,macro,-29.92554,159.0511,Lord Howe and Norfolk Islands
77.2548339959391,EMR2,0.0223503364954072,macro,-29.45683,159.0622,Lord Howe and Norfolk Islands
77.2548339959391,EMR20,0.00718605755675116,macro,-29.93192,159.06155,Lord Howe and Norfolk Islands
77.2548339959391,EMR25,0.0476052736830444,macro,-29.91181,159.08131,Lord Howe and Norfolk Islands
77.2548339959391,EMR37,0.0272730688374335,macro,-29.48267,159.06495,Lord Howe and Norfolk Islands
77.2548339959391,EMR42,0.00392309703885628,macro,-29.94249,159.0847,Lord Howe and Norfolk Islands
77.2548339959391,EMR5,0.0151454178952,macro,-29.44269,159.06088,Lord Howe and Norfolk Islands
77.2548339959391,EMR8,0.0156735271119691,macro,-29.44563,159.09369,Lord Howe and Norfolk Islands
77.2548339959391,GBR24,0.0285556197924442,macro,-19.81261,149.13292,Central and Southern Great Barrier Reef
77.2548339959391,GBR27,0.0984546468405277,macro,-19.79517,149.07878,Central and Southern Great Barrier Reef
77.2548339959391,GBR76,0.00873266312014642,macro,-19.80832,149.06582,Central and Southern Great Barrier Reef
77.2548339959391,JBMP25,0.040287188822101,macro,-35.06756,150.68239,Cape Howe
77.2548339959391,JBMP6,0.0510191225485876,macro,-35.13676,150.76428,Cape Howe
77.2548339959391,KG-S13,0.00996806146651703,macro,-39.44477844,147.3012238,Cape Howe
77.2548339959391,KG-S15,0.00570546564545204,macro,-39.49295044,147.3421478,Cape Howe
77.2548339959391,KG-S4,0.00629958851431729,macro,-39.46456909,147.2946625,Cape Howe
77.2548339959391,NIN-S1,0.0187290161518475,macro,-43.27292,147.14343,Bassian
77.2548339959391,NIN-S2,0.0179368523266938,macro,-43.29383,147.14182,Bassian
77.2548339959391,NSW47,0.0051679259069549,macro,-37.10968,149.92238,Cape Howe
77.2548339959391,NSW5,0.00826113703374543,macro,-37.10036,149.9285,Cape Howe
77.2548339959391,PS13,0.0132011252240401,macro,-32.71802,152.14133,Manning-Hawkesbury
77.2548339959391,PS17,0.0179648890129123,macro,-32.714463,152.15183,Manning-Hawkesbury
77.2548339959391,QLD43,0.0508870952443954,macro,-14.69473,145.45921,Torres Strait Northern Great Barrier Reef
77.2548339959391,QLD44,0.0146110216639455,macro,-14.68942,145.46617,Torres Strait Northern Great Barrier Reef
77.2548339959391,QLD48,0.0829131470327509,macro,-14.68689,145.44195,Torres Strait Northern Great Barrier Reef
77.2548339959391,QLD51,0.0108513870017082,macro,-14.65706,145.45076,Torres Strait Northern Great Barrier Reef
77.2548339959391,SI21,0.174385016451554,macro,-30.00751,153.27028,Tweed-Moreton
77.2548339959391,SI29,0.0158432765030734,macro,-29.98321,153.2278,Tweed-Moreton
77.2548339959391,SI6,0.0357399627088812,macro,-30.01765,153.2692,Tweed-Moreton
77.2548339959391,SYD1,0.00509248173313074,macro,-33.85186,151.21997,Manning-Hawkesbury
77.2548339959391,SYD3,0.0221428650173907,macro,-33.86328,151.24196,Manning-Hawkesbury
77.2548339959391,SYD30,0.0243590376234754,macro,-33.841655,151.253968,Manning-Hawkesbury
77.2548339959391,SYD31,0.0318416326967854,macro,-33.840111,151.277492,Manning-Hawkesbury
77.2548339959391,SYD37,0.0399970189227773,macro,-33.83036,151.26378,Manning-Hawkesbury
77.2548339959391,SYD6,0.00922933726448881,macro,-33.85595,151.26602,Manning-Hawkesbury
77.2548339959391,SYD9,0.00754441738241592,macro,-33.852053,151.263956,Manning-Hawkesbury
77.2548339959391,TAS26,0.00128255095501071,macro,-43.14242,147.29123,Bassian
77.2548339959391,TAS43,0.00705403025255888,macro,-43.08944,147.30101,Bassian
77.2548339959391,TAS84,0.0170881053711721,macro,-41.87563,148.31159,Bassian
77.2548339959391,TAS88,0.000301776695296637,macro,-41.87094,148.31732,Bassian
109.254833995939,BS-S8,0.0034208819482371,macro,-39.21514893,146.9923859,Cape Howe
109.254833995939,DE4,0.0105893967520478,macro,-42.90611,147.3447,Bassian
109.254833995939,DE46,0.00394768443149389,macro,-42.861017,147.3501,Bassian
109.254833995939,DE7,5.33470869120796e-05,macro,-43.01334,147.33089,Bassian
109.254833995939,EMR1,0.0162041776495442,macro,-29.45103,159.06227,Lord Howe and Norfolk Islands
109.254833995939,EMR18,0.0113095824253609,macro,-29.92554,159.0511,Lord Howe and Norfolk Islands
109.254833995939,EMR2,0.014110304488245,macro,-29.45683,159.0622,Lord Howe and Norfolk Islands
109.254833995939,EMR20,0.00498795262627944,macro,-29.93192,159.06155,Lord Howe and Norfolk Islands
109.254833995939,EMR25,0.00993589493737482,macro,-29.91181,159.08131,Lord Howe and Norfolk Islands
109.254833995939,EMR37,0.036889510599703,macro,-29.48267,159.06495,Lord Howe and Norfolk Islands
109.254833995939,EMR42,0.0023472718241315,macro,-29.94249,159.0847,Lord Howe and Norfolk Islands
109.254833995939,EMR5,0.00810875721063609,macro,-29.44269,159.06088,Lord Howe and Norfolk Islands
109.254833995939,EMR8,0.0045611759309828,macro,-29.44563,159.09369,Lord Howe and Norfolk Islands
109.254833995939,GBR24,0.0269802892057842,macro,-19.81261,149.13292,Central and Southern Great Barrier Reef
109.254833995939,GBR27,0.0418774632259825,macro,-19.79517,149.07878,Central and Southern Great Barrier Reef
109.254833995939,GBR76,0.00617492531007321,macro,-19.80832,149.06582,Central and Southern Great Barrier Reef
109.254833995939,JBMP25,0.0297676744969404,macro,-35.06756,150.68239,Cape Howe
109.254833995939,JBMP6,0.0315548019084951,macro,-35.13676,150.76428,Cape Howe
109.254833995939,KG-S13,0.0134434659018441,macro,-39.44477844,147.3012238,Cape Howe
109.254833995939,KG-S15,0.00815543591168416,macro,-39.49295044,147.3421478,Cape Howe
109.254833995939,KG-S4,0.00880226934049313,macro,-39.46456909,147.2946625,Cape Howe
109.254833995939,NIN-S1,0.00220056733512328,macro,-43.27292,147.14343,Bassian
109.254833995939,NIN-S2,0.00240061891104358,macro,-43.29383,147.14182,Bassian
109.254833995939,NSW47,0.231846439719898,macro,-37.10968,149.92238,Cape Howe
109.254833995939,NSW5,0.00942909761171006,macro,-37.10036,149.9285,Cape Howe
109.254833995939,PS13,0.00938681720772123,macro,-32.71802,152.14133,Manning-Hawkesbury
109.254833995939,PS17,0.0175338898361567,macro,-32.714463,152.15183,Manning-Hawkesbury
109.254833995939,QLD43,0.00934907698134194,macro,-14.69473,145.45921,Torres Strait Northern Great Barrier Reef
109.254833995939,QLD44,0.00586817956032875,macro,-14.68942,145.46617,Torres Strait Northern Great Barrier Reef
109.254833995939,QLD48,0.0950378353338697,macro,-14.68689,145.44195,Torres Strait Northern Great Barrier Reef
109.254833995939,QLD51,0.00607267672682506,macro,-14.65706,145.45076,Torres Strait Northern Great Barrier Reef
109.254833995939,SI21,0.0352683519029859,macro,-30.00751,153.27028,Tweed-Moreton
109.254833995939,SI29,0.018084662463195,macro,-29.98321,153.2278,Tweed-Moreton
109.254833995939,SI6,0.0371101735501121,macro,-30.01765,153.2692,Tweed-Moreton
109.254833995939,SYD1,0.00266735434560398,macro,-33.85186,151.21997,Manning-Hawkesbury
109.254833995939,SYD3,0.00397435797494993,macro,-33.86328,151.24196,Manning-Hawkesbury
109.254833995939,SYD30,0.0205853071621987,macro,-33.841655,151.253968,Manning-Hawkesbury
109.254833995939,SYD31,0.025734041980977,macro,-33.840111,151.277492,Manning-Hawkesbury
109.254833995939,SYD37,0.0233783349337013,macro,-33.83036,151.26378,Manning-Hawkesbury
109.254833995939,SYD6,0.00412550805453415,macro,-33.85595,151.26602,Manning-Hawkesbury
109.254833995939,SYD9,0.004694543648263,macro,-33.852053,151.263956,Manning-Hawkesbury
109.254833995939,TAS26,0.000373429608384557,macro,-43.14242,147.29123,Bassian
109.254833995939,TAS43,0.00725520382004282,macro,-43.08944,147.30101,Bassian
109.254833995939,TAS84,0.0256332752612542,macro,-41.87563,148.31159,Bassian
109.254833995939,TAS88,0.00040899433299261,macro,-41.87094,148.31732,Bassian
154.509667991878,BS-S8,0.00149945295475516,macro,-39.21514893,146.9923859,Cape Howe
154.509667991878,DE4,0.000924191129345949,macro,-42.90611,147.3447,Bassian
154.509667991878,DE46,0.000653849506476046,macro,-42.861017,147.3501,Bassian
154.509667991878,DE7,0.000301776695296637,macro,-43.01334,147.33089,Bassian
154.509667991878,EMR1,0.00551685521089164,macro,-29.45103,159.06227,Lord Howe and Norfolk Islands
154.509667991878,EMR18,0.000612983912321293,macro,-29.92554,159.0511,Lord Howe and Norfolk Islands
154.509667991878,EMR2,0.00115052365081843,macro,-29.45683,159.0622,Lord Howe and Norfolk Islands
154.509667991878,EMR20,0.000367790347392776,macro,-29.93192,159.06155,Lord Howe and Norfolk Islands
154.509667991878,EMR25,0.000716719651329512,macro,-29.91181,159.08131,Lord Howe and Norfolk Islands
154.509667991878,EMR37,0.000150888347648318,macro,-29.48267,159.06495,Lord Howe and Norfolk Islands
154.509667991878,EMR42,0.00115052365081843,macro,-29.94249,159.0847,Lord Howe and Norfolk Islands
154.509667991878,EMR5,0.000952482694530009,macro,-29.44269,159.06088,Lord Howe and Norfolk Islands
154.509667991878,EMR8,0.00125425938982665,macro,-29.44563,159.09369,Lord Howe and Norfolk Islands
154.509667991878,GBR24,0.00417772112551281,macro,-19.81261,149.13292,Central and Southern Great Barrier Reef
154.509667991878,GBR27,0.00298004486605429,macro,-19.79517,149.07878,Central and Southern Great Barrier Reef
154.509667991878,GBR76,0.0018012296500518,macro,-19.80832,149.06582,Central and Southern Great Barrier Reef
154.509667991878,JBMP25,0.00124482886809863,macro,-35.06756,150.68239,Cape Howe
154.509667991878,JBMP6,0.00918532816309137,macro,-35.13676,150.76428,Cape Howe
154.509667991878,KG-S13,0.0036496119087437,macro,-39.44477844,147.3012238,Cape Howe
154.509667991878,KG-S15,0.00182009069350784,macro,-39.49295044,147.3421478,Cape Howe
154.509667991878,KG-S4,0.00513963434177084,macro,-39.46456909,147.2946625,Cape Howe
154.509667991878,NIN-S1,0.000377220869120796,macro,-43.27292,147.14343,Bassian
154.509667991878,NIN-S2,0.000433803999488915,macro,-43.29383,147.14182,Bassian
154.509667991878,NSW47,0.000924191129345949,macro,-37.10968,149.92238,Cape Howe
154.509667991878,NSW5,0.000528109216769114,macro,-37.10036,149.9285,Cape Howe
154.509667991878,PS13,0.00129057693094945,macro,-32.71802,152.14133,Manning-Hawkesbury
154.509667991878,PS17,0.00359124462561622,macro,-32.714463,152.15183,Manning-Hawkesbury
154.509667991878,QLD43,0.00283858704013399,macro,-14.69473,145.45921,Torres Strait Northern Great Barrier Reef
154.509667991878,QLD44,0.00135799512883486,macro,-14.68942,145.46617,Torres Strait Northern Great Barrier Reef
154.509667991878,QLD48,0.00120710678118655,macro,-14.68689,145.44195,Torres Strait Northern Great Barrier Reef
154.509667991878,QLD51,0.00119453275221585,macro,-14.65706,145.45076,Torres Strait Northern Great Barrier Reef
154.509667991878,SI21,0.012117172584758,macro,-30.00751,153.27028,Tweed-Moreton
154.509667991878,SI29,0.00494159338548242,macro,-29.98321,153.2278,Tweed-Moreton
154.509667991878,SI6,0.00313950641527353,macro,-30.01765,153.2692,Tweed-Moreton
154.509667991878,SYD1,0.000339498782208716,macro,-33.85186,151.21997,Manning-Hawkesbury
154.509667991878,SYD3,0.000641275477505353,macro,-33.86328,151.24196,Manning-Hawkesbury
154.509667991878,SYD30,0.00173521599795566,macro,-33.841655,151.253968,Manning-Hawkesbury
154.509667991878,SYD31,0.00298423620904452,macro,-33.840111,151.277492,Manning-Hawkesbury
154.509667991878,SYD37,0.00313673661168908,macro,-33.83036,151.26378,Manning-Hawkesbury
154.509667991878,SYD6,0.000502961158827728,macro,-33.85595,151.26602,Manning-Hawkesbury
154.509667991878,SYD9,0.000924191129345949,macro,-33.852053,151.263956,Manning-Hawkesbury
154.509667991878,TAS26,0.000226332521472477,macro,-43.14242,147.29123,Bassian
154.509667991878,TAS43,0.000792163825153671,macro,-43.08944,147.30101,Bassian
154.509667991878,TAS84,0.0105244622484702,macro,-41.87563,148.31159,Bassian
154.509667991878,TAS88,0.000226332521472477,macro,-41.87094,148.31732,Bassian
218.509667991878,BS-S8,0.000560144412576835,macro,-39.21514893,146.9923859,Cape Howe
218.509667991878,DE4,0.000426776695296636,macro,-42.90611,147.3447,Bassian
218.509667991878,DE46,0.000284517796864424,macro,-42.861017,147.3501,Bassian
218.509667991878,DE7,0.000106694173824159,macro,-43.01334,147.33089,Bassian
218.509667991878,EMR1,0.00153372874872229,macro,-29.45103,159.06227,Lord Howe and Norfolk Islands
218.509667991878,EMR18,0.000160041260736239,macro,-29.92554,159.0511,Lord Howe and Norfolk Islands
218.509667991878,EMR2,0.00160041260736239,macro,-29.45683,159.0622,Lord Howe and Norfolk Islands
218.509667991878,EMR20,0.000620159885352925,macro,-29.93192,159.06155,Lord Howe and Norfolk Islands
218.509667991878,EMR25,0.000326750907336487,macro,-29.91181,159.08131,Lord Howe and Norfolk Islands
218.509667991878,EMR37,0.000600154727760895,macro,-29.48267,159.06495,Lord Howe and Norfolk Islands
218.509667991878,EMR42,0.00189382158537882,macro,-29.94249,159.0847,Lord Howe and Norfolk Islands
218.509667991878,EMR5,0.000746859216769114,macro,-29.44269,159.06088,Lord Howe and Norfolk Islands
218.509667991878,EMR8,0.00106694173824159,macro,-29.44563,159.09369,Lord Howe and Norfolk Islands
218.509667991878,GBR24,0.00168043323773051,macro,-19.81261,149.13292,Central and Southern Great Barrier Reef
218.509667991878,GBR27,0.00493460553936736,macro,-19.79517,149.07878,Central and Southern Great Barrier Reef
218.509667991878,GBR76,0.0012069778413858,macro,-19.80832,149.06582,Central and Southern Great Barrier Reef
218.509667991878,JBMP25,0.000453450238752676,macro,-35.06756,150.68239,Cape Howe
218.509667991878,JBMP6,0.00198051060161095,macro,-35.13676,150.76428,Cape Howe
218.509667991878,KG-S13,0.000846885004729263,macro,-39.44477844,147.3012238,Cape Howe
218.509667991878,KG-S15,0.000960247564417432,macro,-39.49295044,147.3421478,Cape Howe
218.509667991878,KG-S4,0.00161374937909041,macro,-39.46456909,147.2946625,Cape Howe
218.509667991878,NIN-S1,0.000313414135608467,macro,-43.27292,147.14343,Bassian
218.509667991878,NIN-S2,0.00141369780317011,macro,-43.29383,147.14182,Bassian
218.509667991878,NSW47,0.000520134097392776,macro,-37.10968,149.92238,Cape Howe
218.509667991878,NSW5,0.000273403820424408,macro,-37.10036,149.9285,Cape Howe
218.509667991878,PS13,0.000584547867228106,macro,-32.71802,152.14133,Manning-Hawkesbury
218.509667991878,PS17,0.00306962021718425,macro,-32.714463,152.15183,Manning-Hawkesbury
218.509667991878,QLD43,0.00376763801316562,macro,-14.69473,145.45921,Torres Strait Northern Great Barrier Reef
218.509667991878,QLD44,0.000564590003152842,macro,-14.68942,145.46617,Torres Strait Northern Great Barrier Reef
218.509667991878,QLD48,0.00134701394453001,macro,-14.68689,145.44195,Torres Strait Northern Great Barrier Reef
218.509667991878,QLD51,0.00108916969112162,macro,-14.65706,145.45076,Torres Strait Northern Great Barrier Reef
218.509667991878,SI21,0.00480123782208716,macro,-30.00751,153.27028,Tweed-Moreton
218.509667991878,SI29,0.0141903251186132,macro,-29.98321,153.2278,Tweed-Moreton
218.509667991878,SI6,0.00123183273415165,macro,-30.01765,153.2692,Tweed-Moreton
218.509667991878,SYD1,0.000133367717280199,macro,-33.85186,151.21997,Manning-Hawkesbury
218.509667991878,SYD3,0.000306745749744457,macro,-33.86328,151.24196,Manning-Hawkesbury
218.509667991878,SYD30,0.000366761222520547,macro,-33.841655,151.253968,Manning-Hawkesbury
218.509667991878,SYD31,0.000687584675755692,macro,-33.840111,151.277492,Manning-Hawkesbury
218.509667991878,SYD37,0.00119620583345163,macro,-33.83036,151.26378,Manning-Hawkesbury
218.509667991878,SYD6,0.000133367717280199,macro,-33.85595,151.26602,Manning-Hawkesbury
218.509667991878,SYD9,0.000426776695296636,macro,-33.852053,151.263956,Manning-Hawkesbury
218.509667991878,TAS26,8.00206303681193e-05,macro,-43.14242,147.29123,Bassian
218.509667991878,TAS43,0.000613491499488915,macro,-43.08944,147.30101,Bassian
218.509667991878,TAS84,0.0102026303719352,macro,-41.87563,148.31159,Bassian
218.509667991878,TAS88,0.000213388347648318,macro,-41.87094,148.31732,Bassian
309.019335983757,BS-S8,0.000139100195488293,macro,-39.21514893,146.9923859,Cape Howe
309.019335983757,DE4,3.77220869120796e-05,macro,-42.90611,147.3447,Bassian
309.019335983757,DE46,1.88610434560398e-05,macro,-42.861017,147.3501,Bassian
309.019335983757,DE7,9.43052172801989e-05,macro,-43.01334,147.33089,Bassian
309.019335983757,EMR1,0.000311207217024656,macro,-29.45103,159.06227,Lord Howe and Norfolk Islands
309.019335983757,EMR18,0.000438519260352925,macro,-29.92554,159.0511,Lord Howe and Norfolk Islands
309.019335983757,EMR2,0.000457380303808965,macro,-29.45683,159.0622,Lord Howe and Norfolk Islands
309.019335983757,EMR20,0.000245193564928517,macro,-29.93192,159.06155,Lord Howe and Norfolk Islands
309.019335983757,EMR25,0.000207471478016438,macro,-29.91181,159.08131,Lord Howe and Norfolk Islands
309.019335983757,EMR37,0.000113166260736239,macro,-29.48267,159.06495,Lord Howe and Norfolk Islands
309.019335983757,EMR42,0.000433803999488915,macro,-29.94249,159.0847,Lord Howe and Norfolk Islands
309.019335983757,EMR5,0.000433803999488915,macro,-29.44269,159.06088,Lord Howe and Norfolk Islands
309.019335983757,EMR8,0.000622414434049313,macro,-29.44563,159.09369,Lord Howe and Norfolk Islands
309.019335983757,GBR24,0.000155603608512328,macro,-19.81261,149.13292,Central and Southern Great Barrier Reef
309.019335983757,GBR27,0.000575261825409213,macro,-19.79517,149.07878,Central and Southern Great Barrier Reef
309.019335983757,GBR76,0.000165034130240348,macro,-19.80832,149.06582,Central and Southern Great Barrier Reef
309.019335983757,JBMP6,0.000254624086656537,macro,-35.13676,150.76428,Cape Howe
309.019335983757,KG-S13,0.000219259630176462,macro,-39.44477844,147.3012238,Cape Howe
309.019335983757,KG-S15,0.00040787006473686,macro,-39.49295044,147.3421478,Cape Howe
309.019335983757,KG-S4,0.000438519260352925,macro,-39.46456909,147.2946625,Cape Howe
309.019335983757,NIN-S1,9.43052172801989e-05,macro,-43.27292,147.14343,Bassian
309.019335983757,NIN-S2,0.000141457825920298,macro,-43.29383,147.14182,Bassian
309.019335983757,NSW47,0.000235763043200497,macro,-37.10968,149.92238,Cape Howe
309.019335983757,NSW5,0.000202756217152428,macro,-37.10036,149.9285,Cape Howe
309.019335983757,PS13,0.000249206552897887,macro,-32.71802,152.14133,Manning-Hawkesbury
309.019335983757,PS17,0.000775851571353853,macro,-32.714463,152.15183,Manning-Hawkesbury
309.019335983757,QLD43,9.90204781442088e-05,macro,-14.69473,145.45921,Torres Strait Northern Great Barrier Reef
309.019335983757,QLD44,0.000172892898347031,macro,-14.68942,145.46617,Torres Strait Northern Great Barrier Reef
309.019335983757,QLD48,0.00087703852070585,macro,-14.68689,145.44195,Torres Strait Northern Great Barrier Reef
309.019335983757,QLD51,0.000188610434560398,macro,-14.65706,145.45076,Torres Strait Northern Great Barrier Reef
309.019335983757,SI21,0.0007691114387074,macro,-30.00751,153.27028,Tweed-Moreton
309.019335983757,SI29,0.000773302781697631,macro,-29.98321,153.2278,Tweed-Moreton
309.019335983757,SI6,0.000483528568600293,macro,-30.01765,153.2692,Tweed-Moreton
309.019335983757,SYD1,2.82915651840597e-05,macro,-33.85186,151.21997,Manning-Hawkesbury
309.019335983757,SYD3,0.000188610434560398,macro,-33.86328,151.24196,Manning-Hawkesbury
309.019335983757,SYD30,0.000136742565056288,macro,-33.841655,151.253968,Manning-Hawkesbury
309.019335983757,SYD31,0.000164510212366569,macro,-33.840111,151.277492,Manning-Hawkesbury
309.019335983757,SYD37,0.00016829854160774,macro,-33.83036,151.26378,Manning-Hawkesbury
309.019335983757,SYD6,3.77220869120796e-05,macro,-33.85595,151.26602,Manning-Hawkesbury
309.019335983757,SYD9,7.54441738241591e-05,macro,-33.852053,151.263956,Manning-Hawkesbury
309.019335983757,TAS26,1.88610434560398e-05,macro,-43.14242,147.29123,Bassian
309.019335983757,TAS43,0.000207471478016438,macro,-43.08944,147.30101,Bassian
309.019335983757,TAS84,0.00264997660557359,macro,-41.87563,148.31159,Bassian
309.019335983757,TAS88,0.000113166260736239,macro,-41.87094,148.31732,Bassian
437.019335983757,BS-S8,6.66838586400994e-06,macro,-39.21514893,146.9923859,Cape Howe
437.019335983757,DE4,1.33367717280199e-05,macro,-42.90611,147.3447,Bassian
437.019335983757,DE46,8.89118115201325e-06,macro,-42.861017,147.3501,Bassian
437.019335983757,DE7,1.33367717280199e-05,macro,-43.01334,147.33089,Bassian
437.019335983757,EMR1,3.33419293200497e-05,macro,-29.45103,159.06227,Lord Howe and Norfolk Islands
437.019335983757,EMR18,5.33470869120795e-05,macro,-29.92554,159.0511,Lord Howe and Norfolk Islands
437.019335983757,EMR2,2.66735434560398e-05,macro,-29.45683,159.0622,Lord Howe and Norfolk Islands
437.019335983757,EMR20,1.33367717280199e-05,macro,-29.93192,159.06155,Lord Howe and Norfolk Islands
437.019335983757,EMR25,2.66735434560398e-05,macro,-29.91181,159.08131,Lord Howe and Norfolk Islands
437.019335983757,EMR37,1.33367717280199e-05,macro,-29.48267,159.06495,Lord Howe and Norfolk Islands
437.019335983757,EMR42,6.66838586400994e-06,macro,-29.94249,159.0847,Lord Howe and Norfolk Islands
437.019335983757,EMR5,0.000100025787960149,macro,-29.44269,159.06088,Lord Howe and Norfolk Islands
437.019335983757,EMR8,5.00128939800745e-05,macro,-29.44563,159.09369,Lord Howe and Norfolk Islands
437.019335983757,GBR27,0.000293408978016437,macro,-19.79517,149.07878,Central and Southern Great Barrier Reef
437.019335983757,GBR76,1.00025787960149e-05,macro,-19.80832,149.06582,Central and Southern Great Barrier Reef
437.019335983757,JBMP6,9.33574020961392e-05,macro,-35.13676,150.76428,Cape Howe
437.019335983757,KG-S13,5.00128939800745e-06,macro,-39.44477844,147.3012238,Cape Howe
437.019335983757,KG-S15,1.66709646600249e-05,macro,-39.49295044,147.3421478,Cape Howe
437.019335983757,KG-S4,6.66838586400994e-06,macro,-39.46456909,147.2946625,Cape Howe
437.019335983757,NIN-S1,5.00128939800745e-05,macro,-43.27292,147.14343,Bassian
437.019335983757,NIN-S2,4.66787010480696e-05,macro,-43.29383,147.14182,Bassian
437.019335983757,NSW47,6.66838586400994e-06,macro,-37.10968,149.92238,Cape Howe
437.019335983757,NSW5,6.66838586400994e-06,macro,-37.10036,149.9285,Cape Howe
437.019335983757,PS13,5.78872645216182e-05,macro,-32.71802,152.14133,Manning-Hawkesbury
437.019335983757,PS17,9.91246547352829e-05,macro,-32.714463,152.15183,Manning-Hawkesbury
437.019335983757,QLD43,5.33470869120795e-05,macro,-14.69473,145.45921,Torres Strait Northern Great Barrier Reef
437.019335983757,QLD44,1.77823623040265e-05,macro,-14.68942,145.46617,Torres Strait Northern Great Barrier Reef
437.019335983757,QLD48,0.000120030945552179,macro,-14.68689,145.44195,Torres Strait Northern Great Barrier Reef
437.019335983757,QLD51,1.11139764400166e-05,macro,-14.65706,145.45076,Torres Strait Northern Great Barrier Reef
437.019335983757,SI21,0.000503833598614084,macro,-30.00751,153.27028,Tweed-Moreton
437.019335983757,SI29,6.66838586400994e-05,macro,-29.98321,153.2278,Tweed-Moreton
437.019335983757,SI6,3.81916644938751e-05,macro,-30.01765,153.2692,Tweed-Moreton
437.019335983757,SYD3,2.00051575920298e-05,macro,-33.86328,151.24196,Manning-Hawkesbury
437.019335983757,SYD30,4.50116045820671e-05,macro,-33.841655,151.253968,Manning-Hawkesbury
437.019335983757,SYD31,0.000115585354976172,macro,-33.840111,151.277492,Manning-Hawkesbury
437.019335983757,SYD37,9.64351186487591e-05,macro,-33.83036,151.26378,Manning-Hawkesbury
437.019335983757,SYD6,2.22279528800331e-05,macro,-33.85595,151.26602,Manning-Hawkesbury
437.019335983757,SYD9,5.33470869120795e-05,macro,-33.852053,151.263956,Manning-Hawkesbury
437.019335983757,TAS43,4.66787010480696e-05,macro,-43.08944,147.30101,Bassian
437.019335983757,TAS84,0.000873558548185302,macro,-41.87563,148.31159,Bassian
437.019335983757,TAS88,1.77823623040265e-05,macro,-41.87094,148.31732,Bassian
618.038671967513,EMR18,1.41457825920298e-05,macro,-29.92554,159.0511,Lord Howe and Norfolk Islands
618.038671967513,EMR25,2.35763043200497e-06,macro,-29.91181,159.08131,Lord Howe and Norfolk Islands
618.038671967513,EMR5,9.43052172801989e-06,macro,-29.44269,159.06088,Lord Howe and Norfolk Islands
618.038671967513,EMR8,2.35763043200497e-06,macro,-29.44563,159.09369,Lord Howe and Norfolk Islands
618.038671967513,JBMP25,9.43052172801989e-06,macro,-35.06756,150.68239,Cape Howe
618.038671967513,JBMP6,7.07289129601492e-06,macro,-35.13676,150.76428,Cape Howe
618.038671967513,KG-S4,1.17881521600249e-05,macro,-39.46456909,147.2946625,Cape Howe
618.038671967513,NSW47,2.35763043200497e-05,macro,-37.10968,149.92238,Cape Howe
618.038671967513,NSW5,4.71526086400995e-06,macro,-37.10036,149.9285,Cape Howe
618.038671967513,PS13,5.21688436018122e-06,macro,-32.71802,152.14133,Manning-Hawkesbury
618.038671967513,PS17,1.82238460419844e-05,macro,-32.714463,152.15183,Manning-Hawkesbury
618.038671967513,QLD48,4.71526086400995e-06,macro,-14.68689,145.44195,Torres Strait Northern Great Barrier Reef
618.038671967513,QLD51,1.57175362133665e-06,macro,-14.65706,145.45076,Torres Strait Northern Great Barrier Reef
618.038671967513,SI21,4.40091013974262e-05,macro,-30.00751,153.27028,Tweed-Moreton
618.038671967513,SI6,3.42928062837087e-05,macro,-30.01765,153.2692,Tweed-Moreton
618.038671967513,SYD31,1.10022753493565e-05,macro,-33.840111,151.277492,Manning-Hawkesbury
618.038671967513,TAS26,9.43052172801989e-06,macro,-43.14242,147.29123,Bassian
618.038671967513,TAS43,4.71526086400995e-06,macro,-43.08944,147.30101,Bassian
618.038671967513,TAS84,6.60136520961392e-05,macro,-41.87563,148.31159,Bassian
874.038671967514,EMR1,8.33548233001243e-06,macro,-29.45103,159.06227,Lord Howe and Norfolk Islands
874.038671967514,EMR18,8.33548233001243e-06,macro,-29.92554,159.0511,Lord Howe and Norfolk Islands
874.038671967514,EMR20,1.16696752620174e-05,macro,-29.93192,159.06155,Lord Howe and Norfolk Islands
874.038671967514,EMR25,3.33419293200497e-06,macro,-29.91181,159.08131,Lord Howe and Norfolk Islands
874.038671967514,EMR42,6.66838586400994e-06,macro,-29.94249,159.0847,Lord Howe and Norfolk Islands
874.038671967514,EMR5,5.00128939800746e-06,macro,-29.44269,159.06088,Lord Howe and Norfolk Islands
874.038671967514,EMR8,3.33419293200497e-06,macro,-29.44563,159.09369,Lord Howe and Norfolk Islands
874.038671967514,JBMP6,8.33548233001243e-06,macro,-35.13676,150.76428,Cape Howe
874.038671967514,KG-S13,3.33419293200497e-06,macro,-39.44477844,147.3012238,Cape Howe
874.038671967514,KG-S15,8.33548233001243e-07,macro,-39.49295044,147.3421478,Cape Howe
874.038671967514,NIN-S2,1.00025787960149e-05,macro,-43.29383,147.14182,Bassian
874.038671967514,NSW5,1.33367717280199e-05,macro,-37.10036,149.9285,Cape Howe
874.038671967514,PS13,1.84444715387509e-06,macro,-32.71802,152.14133,Manning-Hawkesbury
874.038671967514,PS17,1.00025787960149e-05,macro,-32.714463,152.15183,Manning-Hawkesbury
874.038671967514,QLD43,1.66709646600249e-06,macro,-14.69473,145.45921,Torres Strait Northern Great Barrier Reef
874.038671967514,QLD48,3.33419293200497e-06,macro,-14.68689,145.44195,Torres Strait Northern Great Barrier Reef
874.038671967514,SI6,6.06216896728177e-06,macro,-30.01765,153.2692,Tweed-Moreton
874.038671967514,SYD30,4.16774116500621e-06,macro,-33.841655,151.253968,Manning-Hawkesbury
874.038671967514,SYD31,1.11139764400166e-06,macro,-33.840111,151.277492,Manning-Hawkesbury
874.038671967514,SYD37,3.59066931138997e-06,macro,-33.83036,151.26378,Manning-Hawkesbury
874.038671967514,TAS84,2.00051575920298e-05,macro,-41.87563,148.31159,Bassian
1236.07734393503,EMR1,4.71526086400994e-06,macro,-29.45103,159.06227,Lord Howe and Norfolk Islands
1236.07734393503,EMR20,8.2517065120174e-06,macro,-29.93192,159.06155,Lord Howe and Norfolk Islands
1236.07734393503,EMR25,4.71526086400994e-06,macro,-29.91181,159.08131,Lord Howe and Norfolk Islands
1236.07734393503,EMR42,2.35763043200497e-06,macro,-29.94249,159.0847,Lord Howe and Norfolk Islands
1236.07734393503,EMR5,1.29669673760273e-05,macro,-29.44269,159.06088,Lord Howe and Norfolk Islands
1236.07734393503,EMR8,1.17881521600249e-06,macro,-29.44563,159.09369,Lord Howe and Norfolk Islands
1236.07734393503,JBMP6,1.17881521600249e-06,macro,-35.13676,150.76428,Cape Howe
1236.07734393503,NSW5,2.35763043200497e-06,macro,-37.10036,149.9285,Cape Howe
1236.07734393503,PS17,2.35763043200497e-06,macro,-32.714463,152.15183,Manning-Hawkesbury
1236.07734393503,SI21,5.23917873778883e-07,macro,-30.00751,153.27028,Tweed-Moreton
1236.07734393503,SYD31,1.57175362133665e-06,macro,-33.840111,151.277492,Manning-Hawkesbury
1236.07734393503,SYD37,7.25424748309222e-07,macro,-33.83036,151.26378,Manning-Hawkesbury
1748.07734393503,PS13,1.41880550298084e-07,macro,-32.71802,152.14133,Manning-Hawkesbury
1748.07734393503,PS17,4.50566612433104e-08,macro,-32.714463,152.15183,Manning-Hawkesbury
1748.07734393503,SI21,1.11139764400166e-06,macro,-30.00751,153.27028,Tweed-Moreton
1748.07734393503,SI6,6.06216896728177e-07,macro,-30.01765,153.2692,Tweed-Moreton
1748.07734393503,SYD37,2.56476379384998e-07,macro,-33.83036,151.26378,Manning-Hawkesbury
