site_code,density,size_bin,bin_floor,bin_ceiling,bin_mid,bin_width,norm_density,lat,lon,ecoregion
BI-S1,3847.27360011859,-6,0.125,0.176776695296637,0.150888347648318,0.0517766952966369,74305.12082853,,,
BI-S1,1663.95861643055,-5,0.176776695296637,0.25,0.213388347648318,0.0732233047033631,22724.440301779,,,
BI-S1,924.890680566635,-4,0.25,0.353553390593274,0.301776695296637,0.103553390593274,8931.53449894581,,,
BI-S1,1352.7954445034,-3,0.353553390593274,0.5,0.426776695296637,0.146446609406726,9237.46510748009,,,
BI-S1,1171.70674324466,-2,0.5,0.707106781186548,0.603553390593274,0.207106781186548,5657.50062133052,,,
BI-S1,1000.10712351642,-1,0.707106781186548,1,0.853553390593274,0.292893218813453,3414.57930493571,,,
BI-S1,296.03872560809,0,1,1.4142135623731,1.20710678118655,0.414213562373095,714.700706350697,,,
BI-S1,184.418999143788,1,1.4142135623731,2,1.70710678118655,0.585786437626905,314.822924017996,,,
BI-S1,44.5574402331546,2,2,2.82842712474619,2.4142135623731,0.82842712474619,53.7855882577552,,,
BI-S1,6.85671831561243,3,2.82842712474619,4,3.4142135623731,1.17157287525381,5.85257516663399,,,
BI-S1,2.9309616515815,4,4,5.65685424949238,4.82842712474619,1.65685424949238,1.76899184251088,,,
BI-S1,4.9898305536,6,8,11.3137084989848,9.65685424949239,3.31370849898476,1.5058145745556,,,
BS-S8,9050.42749032749,-6,0.125,0.176776695296637,0.150888347648318,0.0517766952966369,174797.318339383,-39.21514893,146.9923859,Cape Howe
BS-S8,4658.27669054006,-5,0.176776695296637,0.25,0.213388347648318,0.0732233047033631,63617.4058165134,-39.21514893,146.9923859,Cape Howe
BS-S8,3458.41978815362,-4,0.25,0.353553390593274,0.301776695296637,0.103553390593274,33397.4558277599,-39.21514893,146.9923859,Cape Howe
BS-S8,3997.16196462294,-3,0.353553390593274,0.5,0.426776695296637,0.146446609406726,27294.329181235,-39.21514893,146.9923859,Cape Howe
BS-S8,2486.79403304659,-2,0.5,0.707106781186548,0.603553390593274,0.207106781186548,12007.3037628192,-39.21514893,146.9923859,Cape Howe
BS-S8,2197.18358660028,-1,0.707106781186548,1,0.853553390593274,0.292893218813453,7501.65400039422,-39.21514893,146.9923859,Cape Howe
BS-S8,778.150058071752,0,1,1.4142135623731,1.20710678118655,0.414213562373095,1878.62042375823,-39.21514893,146.9923859,Cape Howe
BS-S8,363.220823116757,1,1.4142135623731,2,1.70710678118655,0.585786437626905,620.056730210774,-39.21514893,146.9923859,Cape Howe
BS-S8,184.917072017141,2,2,2.82842712474619,2.4142135623731,0.82842712474619,223.214651589052,-39.21514893,146.9923859,Cape Howe
BS-S8,89.5659436112781,3,2.82842712474619,4,3.4142135623731,1.17157287525381,76.4493148510924,-39.21514893,146.9923859,Cape Howe
BS-S8,11.088508217284,4,4,5.65685424949238,4.82842712474619,1.65685424949238,6.69250673116314,-39.21514893,146.9923859,Cape Howe
DE4,567503.049404047,-6,0.125,0.176776695296637,0.150888347648318,0.0517766952966369,10960588.4684747,-42.90611,147.3447,Bassian
DE4,155755.287298724,-5,0.176776695296637,0.25,0.213388347648318,0.0732233047033631,2127127.25722649,-42.90611,147.3447,Bassian
DE4,48592.9641659464,-4,0.25,0.353553390593274,0.301776695296637,0.103553390593274,469255.172501351,-42.90611,147.3447,Bassian
DE4,14014.878296989,-3,0.353553390593274,0.5,0.426776695296637,0.146446609406726,95699.5751131761,-42.90611,147.3447,Bassian
DE4,2249.35036302028,-2,0.5,0.707106781186548,0.603553390593274,0.207106781186548,10860.8243058648,-42.90611,147.3447,Bassian
DE4,1716.77321138209,-1,0.707106781186548,1,0.853553390593274,0.292893218813453,5861.43038181954,-42.90611,147.3447,Bassian
DE4,404.407813650676,0,1,1.4142135623731,1.20710678118655,0.414213562373095,976.326828445114,-42.90611,147.3447,Bassian
DE4,150.550854602209,1,1.4142135623731,2,1.70710678118655,0.585786437626905,257.006384804861,-42.90611,147.3447,Bassian
DE4,17.2175313254766,2,2,2.82842712474619,2.4142135623731,0.82842712474619,20.7833988182746,-42.90611,147.3447,Bassian
DE4,35.6575133648471,3,2.82842712474619,4,3.4142135623731,1.17157287525381,30.4355914326902,-42.90611,147.3447,Bassian
DE4,0.00247486853326723,4,4,5.65685424949238,4.82842712474619,1.65685424949238,0.00149371529452604,-42.90611,147.3447,Bassian
DE46,33078.7570267767,-6,0.125,0.176776695296637,0.150888347648318,0.0517766952966369,638873.470723909,-42.861017,147.3501,Bassian
DE46,16120.7435554843,-5,0.176776695296637,0.25,0.213388347648318,0.0732233047033631,220158.645130693,-42.861017,147.3501,Bassian
DE46,8463.6885151124,-4,0.25,0.353553390593274,0.301776695296637,0.103553390593274,81732.6064035431,-42.861017,147.3501,Bassian
DE46,4209.45903481356,-3,0.353553390593274,0.5,0.426776695296637,0.146446609406726,28743.9842538288,-42.861017,147.3501,Bassian
DE46,1495.53880594109,-2,0.5,0.707106781186548,0.603553390593274,0.207106781186548,7221.10013671647,-42.861017,147.3501,Bassian
DE46,1536.10733093007,-1,0.707106781186548,1,0.853553390593274,0.292893218813453,5244.59848252218,-42.861017,147.3501,Bassian
DE46,541.923952730734,0,1,1.4142135623731,1.20710678118655,0.414213562373095,1308.32015645737,-42.861017,147.3501,Bassian
DE46,374.03589297006,1,1.4142135623731,2,1.70710678118655,0.585786437626905,638.519209296355,-42.861017,147.3501,Bassian
DE46,164.856233167167,2,2,2.82842712474619,2.4142135623731,0.82842712474619,198.999076976958,-42.861017,147.3501,Bassian
DE46,33.4891402559642,3,2.82842712474619,4,3.4142135623731,1.17157287525381,28.5847692135319,-42.861017,147.3501,Bassian
DE46,47.1766187765941,4,4,5.65685424949238,4.82842712474619,1.65685424949238,28.4736082193396,-42.861017,147.3501,Bassian
DE46,0.2068686848,6,8,11.3137084989848,9.65685424949239,3.31370849898476,0.0624281480593056,-42.861017,147.3501,Bassian
DE7,5872.1590082911,-6,0.125,0.176776695296637,0.150888347648318,0.0517766952966369,113413.167345822,-43.01334,147.33089,Bassian
DE7,2712.12548431267,-5,0.176776695296637,0.25,0.213388347648318,0.0732233047033631,37039.1024455921,-43.01334,147.33089,Bassian
DE7,1974.77791802305,-4,0.25,0.353553390593274,0.301776695296637,0.103553390593274,19070.1425294646,-43.01334,147.33089,Bassian
DE7,4555.15833732965,-3,0.353553390593274,0.5,0.426776695296637,0.146446609406726,31104.5667481355,-43.01334,147.33089,Bassian
DE7,3854.76634088418,-2,0.5,0.707106781186548,0.603553390593274,0.207106781186548,18612.4583598838,-43.01334,147.33089,Bassian
DE7,4336.60979028249,-1,0.707106781186548,1,0.853553390593274,0.292893218813453,14806.1119607024,-43.01334,147.33089,Bassian
DE7,2082.3180866077,0,1,1.4142135623731,1.20710678118655,0.414213562373095,5027.16056586311,-43.01334,147.33089,Bassian
DE7,2186.63838151803,1,1.4142135623731,2,1.70710678118655,0.585786437626905,3732.82520909221,-43.01334,147.33089,Bassian
DE7,678.915713569748,2,2,2.82842712474619,2.4142135623731,0.82842712474619,819.523761704147,-43.01334,147.33089,Bassian
DE7,117.666695978636,3,2.82842712474619,4,3.4142135623731,1.17157287525381,100.434807312472,-43.01334,147.33089,Bassian
DE7,17.0906464618698,4,4,5.65685424949238,4.82842712474619,1.65685424949238,10.3151176194925,-43.01334,147.33089,Bassian
DE7,4.2445595648,6,8,11.3137084989848,9.65685424949239,3.31370849898476,1.28090915845507,-43.01334,147.33089,Bassian
EMR1,30540.0702857893,-6,0.125,0.176776695296637,0.150888347648318,0.0517766952966369,589842.015038241,-29.45103,159.06227,Lord Howe and Norfolk Islands
EMR1,8026.25087521849,-5,0.176776695296637,0.25,0.213388347648318,0.0732233047033631,109613.338372719,-29.45103,159.06227,Lord Howe and Norfolk Islands
EMR1,2133.52699810127,-4,0.25,0.353553390593274,0.301776695296637,0.103553390593274,20603.159258021,-29.45103,159.06227,Lord Howe and Norfolk Islands
EMR1,1164.1070126681,-3,0.353553390593274,0.5,0.426776695296637,0.146446609406726,7949.01990141011,-29.45103,159.06227,Lord Howe and Norfolk Islands
EMR1,597.737329576728,-2,0.5,0.707106781186548,0.603553390593274,0.207106781186548,2886.13113560162,-29.45103,159.06227,Lord Howe and Norfolk Islands
EMR1,207.547286554428,-1,0.707106781186548,1,0.853553390593274,0.292893218813453,708.610760587862,-29.45103,159.06227,Lord Howe and Norfolk Islands
EMR1,105.259641106294,0,1,1.4142135623731,1.20710678118655,0.414213562373095,254.119253129339,-29.45103,159.06227,Lord Howe and Norfolk Islands
EMR1,42.6147339810647,1,1.4142135623731,2,1.70710678118655,0.585786437626905,72.7479013575363,-29.45103,159.06227,Lord Howe and Norfolk Islands
EMR1,0.494685980454106,8,16,22.6274169979695,19.3137084989848,6.62741699796953,0.0746423501955084,-29.45103,159.06227,Lord Howe and Norfolk Islands
EMR1,5.86776331477372,2,2,2.82842712474619,2.4142135623731,0.82842712474619,7.08301688766102,-29.45103,159.06227,Lord Howe and Norfolk Islands
EMR1,0.735840254577956,3,2.82842712474619,4,3.4142135623731,1.17157287525381,0.628078944230032,-29.45103,159.06227,Lord Howe and Norfolk Islands
EMR1,0.494685980454106,9,22.6274169979695,32,27.3137084989848,9.37258300203049,0.052780111986945,-29.45103,159.06227,Lord Howe and Norfolk Islands
EMR1,0.219402179652409,4,4,5.65685424949238,4.82842712474619,1.65685424949238,0.132420929432766,-29.45103,159.06227,Lord Howe and Norfolk Islands
EMR1,0.247342990183575,5,5.65685424949238,8,6.82842712474619,2.34314575050762,0.105560223955335,-29.45103,159.06227,Lord Howe and Norfolk Islands
EMR18,11601.2867303895,-6,0.125,0.176776695296637,0.150888347648318,0.0517766952966369,224063.870123883,-29.92554,159.0511,Lord Howe and Norfolk Islands
EMR18,2711.43950340664,-5,0.176776695296637,0.25,0.213388347648318,0.0732233047033631,37029.7341043405,-29.92554,159.0511,Lord Howe and Norfolk Islands
EMR18,855.502096812579,-4,0.25,0.353553390593274,0.301776695296637,0.103553390593274,8261.4590590542,-29.92554,159.0511,Lord Howe and Norfolk Islands
EMR18,711.512607084411,-3,0.353553390593274,0.5,0.426776695296637,0.146446609406726,4858.51198581407,-29.92554,159.0511,Lord Howe and Norfolk Islands
EMR18,753.132479349742,-2,0.5,0.707106781186548,0.603553390593274,0.207106781186548,3636.44529181965,-29.92554,159.0511,Lord Howe and Norfolk Islands
EMR18,369.186530896021,-1,0.707106781186548,1,0.853553390593274,0.292893218813453,1260.48166083067,-29.92554,159.0511,Lord Howe and Norfolk Islands
EMR18,85.9902597724893,0,1,1.4142135623731,1.20710678118655,0.414213562373095,207.598851374729,-29.92554,159.0511,Lord Howe and Norfolk Islands
EMR18,43.6745306891626,1,1.4142135623731,2,1.70710678118655,0.585786437626905,74.5570875046094,-29.92554,159.0511,Lord Howe and Norfolk Islands
EMR18,1.06334367290966,8,16,22.6274169979695,19.3137084989848,6.62741699796953,0.160446169787632,-29.92554,159.0511,Lord Howe and Norfolk Islands
EMR18,5.50610868008349,2,2,2.82842712474619,2.4142135623731,0.82842712474619,6.64646112567889,-29.92554,159.0511,Lord Howe and Norfolk Islands
EMR18,5.89446702963372,3,2.82842712474619,4,3.4142135623731,1.17157287525381,5.03124231888413,-29.92554,159.0511,Lord Howe and Norfolk Islands
EMR18,1.06334367290966,9,22.6274169979695,32,27.3137084989848,9.37258300203049,0.113452574672243,-29.92554,159.0511,Lord Howe and Norfolk Islands
EMR18,0.408468314130408,4,4,5.65685424949238,4.82842712474619,1.65685424949238,0.246532435943326,-29.92554,159.0511,Lord Howe and Norfolk Islands
EMR18,0.531671836361371,5,5.65685424949238,8,6.82842712474619,2.34314575050762,0.2269051493046,-29.92554,159.0511,Lord Howe and Norfolk Islands
EMR2,88664.6440360646,-6,0.125,0.176776695296637,0.150888347648318,0.0517766952966369,1712443.0890788,-29.45683,159.0622,Lord Howe and Norfolk Islands
EMR2,27293.2542663605,-5,0.176776695296637,0.25,0.213388347648318,0.0732233047033631,372739.995510022,-29.45683,159.0622,Lord Howe and Norfolk Islands
EMR2,6419.31305995543,-4,0.25,0.353553390593274,0.301776695296637,0.103553390593274,61990.3706018526,-29.45683,159.0622,Lord Howe and Norfolk Islands
EMR2,3138.33777946279,-3,0.353553390593274,0.5,0.426776695296637,0.146446609406726,21429.9108198995,-29.45683,159.0622,Lord Howe and Norfolk Islands
EMR2,1533.81199946769,-2,0.5,0.707106781186548,0.603553390593274,0.207106781186548,7405.899462491,-29.45683,159.0622,Lord Howe and Norfolk Islands
EMR2,418.699918270875,-1,0.707106781186548,1,0.853553390593274,0.292893218813453,1429.53093952493,-29.45683,159.0622,Lord Howe and Norfolk Islands
EMR2,168.384933960617,0,1,1.4142135623731,1.20710678118655,0.414213562373095,406.517191267019,-29.45683,159.0622,Lord Howe and Norfolk Islands
EMR2,36.4983793189111,1,1.4142135623731,2,1.70710678118655,0.585786437626905,62.306630837632,-29.45683,159.0622,Lord Howe and Norfolk Islands
EMR2,3.04549538971389,2,2,2.82842712474619,2.4142135623731,0.82842712474619,3.676238136996,-29.45683,159.0622,Lord Howe and Norfolk Islands
EMR2,0.527402463713889,3,2.82842712474619,4,3.4142135623731,1.17157287525381,0.450166161110236,-29.45683,159.0622,Lord Howe and Norfolk Islands
EMR2,0.032482647875,4,4,5.65685424949238,4.82842712474619,1.65685424949238,0.0196050122604036,-29.45683,159.0622,Lord Howe and Norfolk Islands
EMR2,0.266666656,5,5.65685424949238,8,6.82842712474619,2.34314575050762,0.113807114193485,-29.45683,159.0622,Lord Howe and Norfolk Islands
EMR20,44369.510687254,-6,0.125,0.176776695296637,0.150888347648318,0.0517766952966369,856939.795656213,-29.93192,159.06155,Lord Howe and Norfolk Islands
EMR20,11739.971788353,-5,0.176776695296637,0.25,0.213388347648318,0.0732233047033631,160331.083606689,-29.93192,159.06155,Lord Howe and Norfolk Islands
EMR20,2836.6171102579,-4,0.25,0.353553390593274,0.301776695296637,0.103553390593274,27392.7979953768,-29.93192,159.06155,Lord Howe and Norfolk Islands
EMR20,1448.667768843,-3,0.353553390593274,0.5,0.426776695296637,0.146446609406726,9892.12228751308,-29.93192,159.06155,Lord Howe and Norfolk Islands
EMR20,696.772374466,-2,0.5,0.707106781186548,0.603553390593274,0.207106781186548,3364.31463264544,-29.93192,159.06155,Lord Howe and Norfolk Islands
EMR20,198.531545122,-1,0.707106781186548,1,0.853553390593274,0.292893218813453,677.829093914418,-29.93192,159.06155,Lord Howe and Norfolk Islands
EMR20,105.576491005,0,1,1.4142135623731,1.20710678118655,0.414213562373095,254.884196452032,-29.93192,159.06155,Lord Howe and Norfolk Islands
EMR20,10.1052738692,1,1.4142135623731,2,1.70710678118655,0.585786437626905,17.2507815478585,-29.93192,159.06155,Lord Howe and Norfolk Islands
EMR20,7.16440594184,2,2,2.82842712474619,2.4142135623731,0.82842712474619,8.64820299556826,-29.93192,159.06155,Lord Howe and Norfolk Islands
EMR20,20.10215979916,3,2.82842712474619,4,3.4142135623731,1.17157287525381,17.1582666548208,-29.93192,159.06155,Lord Howe and Norfolk Islands
EMR20,8.55412222964,4,4,5.65685424949238,4.82842712474619,1.65685424949238,5.16286947524851,-29.93192,159.06155,Lord Howe and Norfolk Islands
EMR20,1.024,5,5.65685424949238,8,6.82842712474619,2.34314575050762,0.437019335983756,-29.93192,159.06155,Lord Howe and Norfolk Islands
EMR25,3139.44518832,-6,0.125,0.176776695296637,0.150888347648318,0.0517766952966369,60634.3292157528,-29.91181,159.08131,Lord Howe and Norfolk Islands
EMR25,1143.4066704393,-5,0.176776695296637,0.25,0.213388347648318,0.0732233047033631,15615.3382460869,-29.91181,159.08131,Lord Howe and Norfolk Islands
EMR25,512.3365873191,-4,0.25,0.353553390593274,0.301776695296637,0.103553390593274,4947.55975042288,-29.91181,159.08131,Lord Howe and Norfolk Islands
EMR25,385.384871983,-3,0.353553390593274,0.5,0.426776695296637,0.146446609406726,2631.57251331556,-29.91181,159.08131,Lord Howe and Norfolk Islands
EMR25,254.944,-2,0.5,0.707106781186548,0.603553390593274,0.207106781186548,1230.97852489129,-29.91181,159.08131,Lord Howe and Norfolk Islands
EMR25,111.26400002,-1,0.707106781186548,1,0.853553390593274,0.292893218813453,379.879057872164,-29.91181,159.08131,Lord Howe and Norfolk Islands
EMR25,56.970666667,0,1,1.4142135623731,1.20710678118655,0.414213562373095,137.539356124908,-29.91181,159.08131,Lord Howe and Norfolk Islands
EMR25,5.3226666667,1,1.4142135623731,2,1.70710678118655,0.585786437626905,9.08636036071916,-29.91181,159.08131,Lord Howe and Norfolk Islands
EMR25,0.51199999998,2,2,2.82842712474619,2.4142135623731,0.82842712474619,0.61803867194337,-29.91181,159.08131,Lord Howe and Norfolk Islands
EMR25,2.00533333298,3,2.82842712474619,4,3.4142135623731,1.17157287525381,1.71165906563479,-29.91181,159.08131,Lord Howe and Norfolk Islands
EMR37,4107.293739292,-6,0.125,0.176776695296637,0.150888347648318,0.0517766952966369,79327.0740003908,-29.48267,159.06495,Lord Howe and Norfolk Islands
EMR37,1583.4581755993,-5,0.176776695296637,0.25,0.213388347648318,0.0732233047033631,21625.0575143268,-29.48267,159.06495,Lord Howe and Norfolk Islands
EMR37,693.3418256598,-4,0.25,0.353553390593274,0.301776695296637,0.103553390593274,6695.50095547365,-29.48267,159.06495,Lord Howe and Norfolk Islands
EMR37,741.822450796,-3,0.353553390593274,0.5,0.426776695296637,0.146446609406726,5065.4805447611,-29.48267,159.06495,Lord Howe and Norfolk Islands
EMR37,783.81688889,-2,0.5,0.707106781186548,0.603553390593274,0.207106781186548,3784.60272715065,-29.48267,159.06495,Lord Howe and Norfolk Islands
EMR37,355.928888962,-1,0.707106781186548,1,0.853553390593274,0.292893218813453,1215.21723993445,-29.48267,159.06495,Lord Howe and Norfolk Islands
EMR37,107.646222223,0,1,1.4142135623731,1.20710678118655,0.414213562373095,259.880969628995,-29.48267,159.06495,Lord Howe and Norfolk Islands
EMR37,19.1111111111,1,1.4142135623731,2,1.70710678118655,0.585786437626905,32.6247073737684,-29.48267,159.06495,Lord Howe and Norfolk Islands
EMR37,1.87733333326,2,2,2.82842712474619,2.4142135623731,0.82842712474619,2.26614179712569,-29.48267,159.06495,Lord Howe and Norfolk Islands
EMR37,3.37066666626,3,2.82842712474619,4,3.4142135623731,1.17157287525381,2.87704396154595,-29.48267,159.06495,Lord Howe and Norfolk Islands
EMR37,0.8533333333,4,4,5.65685424949238,4.82842712474619,1.65685424949238,0.515032226619475,-29.48267,159.06495,Lord Howe and Norfolk Islands
EMR42,47186.620049962,-6,0.125,0.176776695296637,0.150888347648318,0.0517766952966369,911348.624697316,-29.94249,159.0847,Lord Howe and Norfolk Islands
EMR42,23071.8308766473,-5,0.176776695296637,0.25,0.213388347648318,0.0732233047033631,315088.63155131,-29.94249,159.0847,Lord Howe and Norfolk Islands
EMR42,4600.3220406095,-4,0.25,0.353553390593274,0.301776695296637,0.103553390593274,44424.6394468933,-29.94249,159.0847,Lord Howe and Norfolk Islands
EMR42,1994.452685871,-3,0.353553390593274,0.5,0.426776695296637,0.146446609406726,13618.9748192244,-29.94249,159.0847,Lord Howe and Norfolk Islands
EMR42,397.324730818,-2,0.5,0.707106781186548,0.603553390593274,0.207106781186548,1918.45350761411,-29.94249,159.0847,Lord Howe and Norfolk Islands
EMR42,335.270654921,-1,0.707106781186548,1,0.853553390593274,0.292893218813453,1144.68561709699,-29.94249,159.0847,Lord Howe and Norfolk Islands
EMR42,48.743361898,0,1,1.4142135623731,1.20710678118655,0.414213562373095,117.676885369812,-29.94249,159.0847,Lord Howe and Norfolk Islands
EMR42,90.3398616624,1,1.4142135623731,2,1.70710678118655,0.585786437626905,154.219790455338,-29.94249,159.0847,Lord Howe and Norfolk Islands
EMR42,2.73995668457,2,2,2.82842712474619,2.4142135623731,0.82842712474619,3.30742029410186,-29.94249,159.0847,Lord Howe and Norfolk Islands
EMR42,118.16350119393,3,2.82842712474619,4,3.4142135623731,1.17157287525381,100.858857088451,-29.94249,159.0847,Lord Howe and Norfolk Islands
EMR42,80.48053037247,4,4,5.65685424949238,4.82842712474619,1.65685424949238,48.5742969830492,-29.94249,159.0847,Lord Howe and Norfolk Islands
EMR5,2647.207750785,-6,0.125,0.176776695296637,0.150888347648318,0.0517766952966369,51127.3988349146,-29.44269,159.06088,Lord Howe and Norfolk Islands
EMR5,1033.982661466,-5,0.176776695296637,0.25,0.213388347648318,0.0732233047033631,14120.9505041434,-29.44269,159.06088,Lord Howe and Norfolk Islands
EMR5,477.0211334568,-4,0.25,0.353553390593274,0.301776695296637,0.103553390593274,4606.52355971997,-29.44269,159.06088,Lord Howe and Norfolk Islands
EMR5,225.932721877,-3,0.353553390593274,0.5,0.426776695296637,0.146446609406726,1542.76512643264,-29.44269,159.06088,Lord Howe and Norfolk Islands
EMR5,100.544,-2,0.5,0.707106781186548,0.603553390593274,0.207106781186548,485.469376830481,-29.44269,159.06088,Lord Howe and Norfolk Islands
EMR5,38.49066667,-1,0.707106781186548,1,0.853553390593274,0.292893218813453,131.415356169496,-29.44269,159.06088,Lord Howe and Norfolk Islands
EMR5,82.864,0,1,1.4142135623731,1.20710678118655,0.414213562373095,200.051392632484,-29.44269,159.06088,Lord Howe and Norfolk Islands
EMR5,0.816,1,1.4142135623731,2,1.70710678118655,0.585786437626905,1.39299913344822,-29.44269,159.06088,Lord Howe and Norfolk Islands
EMR5,0.08533333333,2,2,2.82842712474619,2.4142135623731,0.82842712474619,0.103006445323895,-29.44269,159.06088,Lord Howe and Norfolk Islands
EMR5,0.08533333333,3,2.82842712474619,4,3.4142135623731,1.17157287525381,0.0728365559944475,-29.44269,159.06088,Lord Howe and Norfolk Islands
EMR8,48191.424745896,-6,0.125,0.176776695296637,0.150888347648318,0.0517766952966369,930755.129692997,-29.44563,159.09369,Lord Howe and Norfolk Islands
EMR8,12406.988873196,-5,0.176776695296637,0.25,0.213388347648318,0.0732233047033631,169440.438716311,-29.44563,159.09369,Lord Howe and Norfolk Islands
EMR8,4249.6231027028,-4,0.25,0.353553390593274,0.301776695296637,0.103553390593274,41037.9909180765,-29.44563,159.09369,Lord Howe and Norfolk Islands
EMR8,2474.275075339,-3,0.353553390593274,0.5,0.426776695296637,0.146446609406726,16895.4070385282,-29.44563,159.09369,Lord Howe and Norfolk Islands
EMR8,1016.77818183,-2,0.5,0.707106781186548,0.603553390593274,0.207106781186548,4909.43935299809,-29.44563,159.09369,Lord Howe and Norfolk Islands
EMR8,385.73123237,-1,0.707106781186548,1,0.853553390593274,0.292893218813453,1316.96880498854,-29.44563,159.09369,Lord Howe and Norfolk Islands
EMR8,180.699313131,0,1,1.4142135623731,1.20710678118655,0.414213562373095,436.246732472363,-29.44563,159.09369,Lord Howe and Norfolk Islands
EMR8,38.1472323262,1,1.4142135623731,2,1.70710678118655,0.585786437626905,65.1213989875547,-29.44563,159.09369,Lord Howe and Norfolk Islands
EMR8,20.61446464532,2,2,2.82842712474619,2.4142135623731,0.82842712474619,24.8838600638961,-29.44563,159.09369,Lord Howe and Norfolk Islands
EMR8,6.31466666532,3,2.82842712474619,4,3.4142135623731,1.17157287525381,5.38990514265021,-29.44563,159.09369,Lord Howe and Norfolk Islands
EMR8,4.096,5,5.65685424949238,8,6.82842712474619,2.34314575050762,1.74807734393502,-29.44563,159.09369,Lord Howe and Norfolk Islands
GBR24,60482.806167917,-6,0.125,0.176776695296637,0.150888347648318,0.0517766952966369,1168147.28752775,-19.81261,149.13292,Central and Southern Great Barrier Reef
GBR24,18816.8535174699,-5,0.176776695296637,0.25,0.213388347648318,0.0732233047033631,256979.025922134,-19.81261,149.13292,Central and Southern Great Barrier Reef
GBR24,6580.499117272,-4,0.25,0.353553390593274,0.301776695296637,0.103553390593274,63546.920864409,-19.81261,149.13292,Central and Southern Great Barrier Reef
GBR24,2589.812243999,-3,0.353553390593274,0.5,0.426776695296637,0.146446609406726,17684.3441749226,-19.81261,149.13292,Central and Southern Great Barrier Reef
GBR24,636.234568198,-2,0.5,0.707106781186548,0.603553390593274,0.207106781186548,3072.0122467884,-19.81261,149.13292,Central and Southern Great Barrier Reef
GBR24,361.379365619,-1,0.707106781186548,1,0.853553390593274,0.292893218813453,1233.82633125817,-19.81261,149.13292,Central and Southern Great Barrier Reef
GBR24,171.537163266,0,1,1.4142135623731,1.20710678118655,0.414213562373095,414.127346007785,-19.81261,149.13292,Central and Southern Great Barrier Reef
GBR24,69.0381607412,1,1.4142135623731,2,1.70710678118655,0.585786437626905,117.855512361949,-19.81261,149.13292,Central and Southern Great Barrier Reef
GBR24,15.12727656495,2,2,2.82842712474619,2.4142135623731,0.82842712474619,18.2602381224355,-19.81261,149.13292,Central and Southern Great Barrier Reef
GBR24,3.36307990021,3,2.82842712474619,4,3.4142135623731,1.17157287525381,2.87056825166033,-19.81261,149.13292,Central and Southern Great Barrier Reef
GBR24,2.57039444722,4,4,5.65685424949238,4.82842712474619,1.65685424949238,1.55137028378175,-19.81261,149.13292,Central and Southern Great Barrier Reef
GBR24,5.12,5,5.65685424949238,8,6.82842712474619,2.34314575050762,2.18509667991878,-19.81261,149.13292,Central and Southern Great Barrier Reef
GBR27,46943.597133532,-6,0.125,0.176776695296637,0.150888347648318,0.0517766952966369,906654.950930814,-19.79517,149.07878,Central and Southern Great Barrier Reef
GBR27,16358.0240824195,-5,0.176776695296637,0.25,0.213388347648318,0.0732233047033631,223399.150703289,-19.79517,149.07878,Central and Southern Great Barrier Reef
GBR27,7070.251794314,-4,0.25,0.353553390593274,0.301776695296637,0.103553390593274,68276.3910849023,-19.79517,149.07878,Central and Southern Great Barrier Reef
GBR27,2806.6572699685,-3,0.353553390593274,0.5,0.426776695296637,0.146446609406726,19165.054632119,-19.79517,149.07878,Central and Southern Great Barrier Reef
GBR27,1522.4582912665,-2,0.5,0.707106781186548,0.603553390593274,0.207106781186548,7351.07890984591,-19.79517,149.07878,Central and Southern Great Barrier Reef
GBR27,861.649233025,-1,0.707106781186548,1,0.853553390593274,0.292893218813453,2941.85449740233,-19.79517,149.07878,Central and Southern Great Barrier Reef
GBR27,239.2584663325,0,1,1.4142135623731,1.20710678118655,0.414213562373095,577.621034332508,-19.79517,149.07878,Central and Southern Great Barrier Reef
GBR27,142.2735487597,1,1.4142135623731,2,1.70710678118655,0.585786437626905,242.876139871159,-19.79517,149.07878,Central and Southern Great Barrier Reef
GBR27,2.8444444445,8,16,22.6274169979695,19.3137084989848,6.62741699796953,0.429193522208044,-19.79517,149.07878,Central and Southern Great Barrier Reef
GBR27,41.25935930374,2,2,2.82842712474619,2.4142135623731,0.82842712474619,49.8044524029568,-19.79517,149.07878,Central and Southern Great Barrier Reef
GBR27,6.00533333292,3,2.82842712474619,4,3.4142135623731,1.17157287525381,5.12587262795667,-19.79517,149.07878,Central and Southern Great Barrier Reef
GBR27,2.8444444445,9,22.6274169979695,32,27.3137084989848,9.37258300203049,0.303485649994647,-19.79517,149.07878,Central and Southern Great Barrier Reef
GBR27,1.0666666665,4,4,5.65685424949238,4.82842712474619,1.65685424949238,0.643790283198899,-19.79517,149.07878,Central and Southern Great Barrier Reef
GBR27,1.422222222,5,5.65685424949238,8,6.82842712474619,2.34314575050762,0.6069712998826,-19.79517,149.07878,Central and Southern Great Barrier Reef
GBR76,41092.421934724,-6,0.125,0.176776695296637,0.150888347648318,0.0517766952966369,793647.058764547,-19.80832,149.06582,Central and Southern Great Barrier Reef
GBR76,15758.910116344,-5,0.176776695296637,0.25,0.213388347648318,0.0732233047033631,215217.13858976,-19.80832,149.06582,Central and Southern Great Barrier Reef
GBR76,7542.57737022502,-4,0.25,0.353553390593274,0.301776695296637,0.103553390593274,72837.5703297825,-19.80832,149.06582,Central and Southern Great Barrier Reef
GBR76,3229.33346998111,-3,0.353553390593274,0.5,0.426776695296637,0.146446609406726,22051.2682612698,-19.80832,149.06582,Central and Southern Great Barrier Reef
GBR76,1363.10231677096,-2,0.5,0.707106781186548,0.603553390593274,0.207106781186548,6581.64020010126,-19.80832,149.06582,Central and Southern Great Barrier Reef
GBR76,732.426476185883,-1,0.707106781186548,1,0.853553390593274,0.292893218813453,2500.66040843498,-19.80832,149.06582,Central and Southern Great Barrier Reef
GBR76,194.065776781774,0,1,1.4142135623731,1.20710678118655,0.414213562373095,468.516230299029,-19.80832,149.06582,Central and Southern Great Barrier Reef
GBR76,129.065087095106,1,1.4142135623731,2,1.70710678118655,0.585786437626905,220.327885394487,-19.80832,149.06582,Central and Southern Great Barrier Reef
GBR76,54.9463286475736,2,2,2.82842712474619,2.4142135623731,0.82842712474619,66.3260859117907,-19.80832,149.06582,Central and Southern Great Barrier Reef
GBR76,12.271746077673,3,2.82842712474619,4,3.4142135623731,1.17157287525381,10.4745904730975,-19.80832,149.06582,Central and Southern Great Barrier Reef
JBMP25,309813.561187555,-6,0.125,0.176776695296637,0.150888347648318,0.0517766952966369,5983648.80980882,-35.06756,150.68239,Cape Howe
JBMP25,85110.595811883,-5,0.176776695296637,0.25,0.213388347648318,0.0732233047033631,1162343.00209034,-35.06756,150.68239,Cape Howe
JBMP25,30700.626146501,-4,0.25,0.353553390593274,0.301776695296637,0.103553390593274,296471.472064915,-35.06756,150.68239,Cape Howe
JBMP25,7638.908575654,-3,0.353553390593274,0.5,0.426776695296637,0.146446609406726,52161.7305214521,-35.06756,150.68239,Cape Howe
JBMP25,2783.1433480487,-2,0.5,0.707106781186548,0.603553390593274,0.207106781186548,13438.2048337753,-35.06756,150.68239,Cape Howe
JBMP25,2334.929319202,-1,0.707106781186548,1,0.853553390593274,0.292893218813453,7971.94734880204,-35.06756,150.68239,Cape Howe
JBMP25,209.197230659,0,1,1.4142135623731,1.20710678118655,0.414213562373095,505.04679146785,-35.06756,150.68239,Cape Howe
JBMP25,72.2814182363,1,1.4142135623731,2,1.70710678118655,0.585786437626905,123.392099224969,-35.06756,150.68239,Cape Howe
JBMP25,17.95772483638,2,2,2.82842712474619,2.4142135623731,0.82842712474619,21.6768914246764,-35.06756,150.68239,Cape Howe
JBMP25,0.72046972612,3,2.82842712474619,4,3.4142135623731,1.17157287525381,0.614959377549533,-35.06756,150.68239,Cape Howe
JBMP25,10.42858473013,4,4,5.65685424949238,4.82842712474619,1.65685424949238,6.2942076729592,-35.06756,150.68239,Cape Howe
JBMP6,150115.099775452,-6,0.125,0.176776695296637,0.150888347648318,0.0517766952966369,2899279.27835908,-35.13676,150.76428,Cape Howe
JBMP6,42372.6074253491,-5,0.176776695296637,0.25,0.213388347648318,0.0732233047033631,578676.523778951,-35.13676,150.76428,Cape Howe
JBMP6,18844.7416572971,-4,0.25,0.353553390593274,0.301776695296637,0.103553390593274,181980.923553855,-35.13676,150.76428,Cape Howe
JBMP6,4539.59935145144,-3,0.353553390593274,0.5,0.426776695296637,0.146446609406726,30998.3233469312,-35.13676,150.76428,Cape Howe
JBMP6,2551.81142424069,-2,0.5,0.707106781186548,0.603553390593274,0.207106781186548,12321.235498041,-35.13676,150.76428,Cape Howe
JBMP6,1787.21537081413,-1,0.707106781186548,1,0.853553390593274,0.292893218813453,6101.93495791527,-35.13676,150.76428,Cape Howe
JBMP6,204.285957667332,0,1,1.4142135623731,1.20710678118655,0.414213562373095,493.189929602849,-35.13676,150.76428,Cape Howe
JBMP6,114.292920966987,1,1.4142135623731,2,1.70710678118655,0.585786437626905,195.110220424362,-35.13676,150.76428,Cape Howe
JBMP6,16.9286396675728,2,2,2.82842712474619,2.4142135623731,0.82842712474619,20.4346757389906,-35.13676,150.76428,Cape Howe
JBMP6,9.21831083483604,3,2.82842712474619,4,3.4142135623731,1.17157287525381,7.86832046861701,-35.13676,150.76428,Cape Howe
JBMP6,7.7617021568,4,4,5.65685424949238,4.82842712474619,1.65685424949238,4.68460165351176,-35.13676,150.76428,Cape Howe
JBMP6,1.86099292977872,5,5.65685424949238,8,6.82842712474619,2.34314575050762,0.794228412541369,-35.13676,150.76428,Cape Howe
KG-S13,7611.00604885852,-6,0.125,0.176776695296637,0.150888347648318,0.0517766952966369,146996.752211663,-39.44477844,147.3012238,Cape Howe
KG-S13,3659.96945605016,-5,0.176776695296637,0.25,0.213388347648318,0.0732233047033631,49983.6694188709,-39.44477844,147.3012238,Cape Howe
KG-S13,2145.24644604559,-4,0.25,0.353553390593274,0.301776695296637,0.103553390593274,20716.3322587038,-39.44477844,147.3012238,Cape Howe
KG-S13,2052.48826634817,-3,0.353553390593274,0.5,0.426776695296637,0.146446609406726,14015.2665511551,-39.44477844,147.3012238,Cape Howe
KG-S13,1447.11726507166,-2,0.5,0.707106781186548,0.603553390593274,0.207106781186548,6987.30025536055,-39.44477844,147.3012238,Cape Howe
KG-S13,739.274811795539,-1,0.707106781186548,1,0.853553390593274,0.292893218813453,2524.04208875315,-39.44477844,147.3012238,Cape Howe
KG-S13,289.130853279354,0,1,1.4142135623731,1.20710678118655,0.414213562373095,698.023627287522,-39.44477844,147.3012238,Cape Howe
KG-S13,210.252411014472,1,1.4142135623731,2,1.70710678118655,0.585786437626905,358.923316603626,-39.44477844,147.3012238,Cape Howe
KG-S13,61.4005788017403,2,2,2.82842712474619,2.4142135623731,0.82842712474619,74.1170550403597,-39.44477844,147.3012238,Cape Howe
KG-S13,17.0198285257177,3,2.82842712474619,4,3.4142135623731,1.17157287525381,14.5273323454425,-39.44477844,147.3012238,Cape Howe
KG-S13,11.9111110814155,4,4,5.65685424949238,4.82842712474619,1.65685424949238,7.18899147892143,-39.44477844,147.3012238,Cape Howe
KG-S15,4777.1107633919,-6,0.125,0.176776695296637,0.150888347648318,0.0517766952966369,92263.7247515137,-39.49295044,147.3421478,Cape Howe
KG-S15,4420.33911601071,-5,0.176776695296637,0.25,0.213388347648318,0.0732233047033631,60367.9270406882,-39.49295044,147.3421478,Cape Howe
KG-S15,1916.80500421676,-4,0.25,0.353553390593274,0.301776695296637,0.103553390593274,18510.3065504189,-39.49295044,147.3421478,Cape Howe
KG-S15,1331.27730729884,-3,0.353553390593274,0.5,0.426776695296637,0.146446609406726,9090.53007571849,-39.49295044,147.3421478,Cape Howe
KG-S15,1154.50347602329,-2,0.5,0.707106781186548,0.603553390593274,0.207106781186548,5574.4358992446,-39.49295044,147.3421478,Cape Howe
KG-S15,589.571728438958,-1,0.707106781186548,1,0.853553390593274,0.292893218813453,2012.92379122804,-39.49295044,147.3421478,Cape Howe
KG-S15,147.868714143659,0,1,1.4142135623731,1.20710678118655,0.414213562373095,356.986655136292,-39.49295044,147.3421478,Cape Howe
KG-S15,107.944161037573,1,1.4142135623731,2,1.70710678118655,0.585786437626905,184.272209296733,-39.49295044,147.3421478,Cape Howe
KG-S15,33.7168908612517,2,2,2.82842712474619,2.4142135623731,0.82842712474619,40.6998875991437,-39.49295044,147.3421478,Cape Howe
KG-S15,7.13001972867488,3,2.82842712474619,4,3.4142135623731,1.17157287525381,6.08585251440738,-39.49295044,147.3421478,Cape Howe
KG-S15,2.77847837805675,4,4,5.65685424949238,4.82842712474619,1.65685424949238,1.67696004576625,-39.49295044,147.3421478,Cape Howe
KG-S3,204229.31566825,-6,0.125,0.176776695296637,0.150888347648318,0.0517766952966369,3944425.46976373,,,
KG-S3,40814.0146420937,-5,0.176776695296637,0.25,0.213388347648318,0.0732233047033631,557391.049303722,,,
KG-S3,11404.6765874381,-4,0.25,0.353553390593274,0.301776695296637,0.103553390593274,110133.299567488,,,
KG-S3,4116.90019844088,-3,0.353553390593274,0.5,0.426776695296637,0.146446609406726,28111.9529849067,,,
KG-S3,1669.53517494104,-2,0.5,0.707106781186548,0.603553390593274,0.207106781186548,8061.22892440319,,,
KG-S3,921.570744710082,-1,0.707106781186548,1,0.853553390593274,0.292893218813453,3146.43933527544,,,
KG-S3,344.521146880645,0,1,1.4142135623731,1.20710678118655,0.414213562373095,831.747625323587,,,
KG-S3,113.258568672283,1,1.4142135623731,2,1.70710678118655,0.585786437626905,193.344470607937,,,
KG-S3,97.455630288607,2,2,2.82842712474619,2.4142135623731,0.82842712474619,117.639352186187,,,
KG-S3,20.5509747907825,3,2.82842712474619,4,3.4142135623731,1.17157287525381,17.5413542126693,,,
KG-S3,0.214765104,4,4,5.65685424949238,4.82842712474619,1.65685424949238,0.129622206700317,,,
KG-S4,24178.2857766629,-6,0.125,0.176776695296637,0.150888347648318,0.0517766952966369,466972.363495617,-39.46456909,147.2946625,Cape Howe
KG-S4,9668.68216081871,-5,0.176776695296637,0.25,0.213388347648318,0.0732233047033631,132043.783054968,-39.46456909,147.2946625,Cape Howe
KG-S4,5465.01434847424,-4,0.25,0.353553390593274,0.301776695296637,0.103553390593274,52774.8470346003,-39.46456909,147.2946625,Cape Howe
KG-S4,2951.27963191642,-3,0.353553390593274,0.5,0.426776695296637,0.146446609406726,20152.5978912891,-39.46456909,147.2946625,Cape Howe
KG-S4,1161.1649505163,-2,0.5,0.707106781186548,0.603553390593274,0.207106781186548,5606.60034337749,-39.46456909,147.2946625,Cape Howe
KG-S4,531.798391553453,-1,0.707106781186548,1,0.853553390593274,0.292893218813453,1815.67328089,-39.46456909,147.2946625,Cape Howe
KG-S4,209.978711960643,0,1,1.4142135623731,1.20710678118655,0.414213562373095,506.933454225018,-39.46456909,147.2946625,Cape Howe
KG-S4,103.75166634094,1,1.4142135623731,2,1.70710678118655,0.585786437626905,177.115173170023,-39.46456909,147.2946625,Cape Howe
KG-S4,74.1043932001895,2,2,2.82842712474619,2.4142135623731,0.82842712474619,89.451915547663,-39.46456909,147.2946625,Cape Howe
KG-S4,27.9648050000099,3,2.82842712474619,4,3.4142135623731,1.17157287525381,23.8694541250382,-39.46456909,147.2946625,Cape Howe
KG-S4,0.233155689471885,4,4,5.65685424949238,4.82842712474619,1.65685424949238,0.140721906916868,-39.46456909,147.2946625,Cape Howe
NIN-S1,4174.76658361053,-6,0.125,0.176776695296637,0.150888347648318,0.0517766952966369,80630.2248471562,-43.27292,147.14343,Bassian
NIN-S1,3921.06340703174,-5,0.176776695296637,0.25,0.213388347648318,0.0732233047033631,53549.3914528505,-43.27292,147.14343,Bassian
NIN-S1,4821.9279291417,-4,0.25,0.353553390593274,0.301776695296637,0.103553390593274,46564.655213278,-43.27292,147.14343,Bassian
NIN-S1,3747.32136461359,-3,0.353553390593274,0.5,0.426776695296637,0.146446609406726,25588.3108512684,-43.27292,147.14343,Bassian
NIN-S1,1838.88257949575,-2,0.5,0.707106781186548,0.603553390593274,0.207106781186548,8878.91052606051,-43.27292,147.14343,Bassian
NIN-S1,2712.09982130918,-1,0.707106781186548,1,0.853553390593274,0.292893218813453,9259.68799242343,-43.27292,147.14343,Bassian
NIN-S1,1151.12279873511,0,1,1.4142135623731,1.20710678118655,0.414213562373095,2779.05627266318,-43.27292,147.14343,Bassian
NIN-S1,583.728092073157,1,1.4142135623731,2,1.70710678118655,0.585786437626905,996.48618434717,-43.27292,147.14343,Bassian
NIN-S1,162.819626149011,2,2,2.82842712474619,2.4142135623731,0.82842712474619,196.54067483473,-43.27292,147.14343,Bassian
NIN-S1,9.30878594242592,3,2.82842712474619,4,3.4142135623731,1.17157287525381,7.94554580346464,-43.27292,147.14343,Bassian
NIN-S1,5.80084671895589,4,4,5.65685424949238,4.82842712474619,1.65685424949238,3.50112070553769,-43.27292,147.14343,Bassian
NIN-S1,26.230541824,6,8,11.3137084989848,9.65685424949239,3.31370849898476,7.91576622748693,-43.27292,147.14343,Bassian
NIN-S2,6610.21112937959,-6,0.125,0.176776695296637,0.150888347648318,0.0517766952966369,127667.690869582,-43.29383,147.14182,Bassian
NIN-S2,4008.58894294108,-5,0.176776695296637,0.25,0.213388347648318,0.0732233047033631,54744.714939873,-43.29383,147.14182,Bassian
NIN-S2,4080.58797548853,-4,0.25,0.353553390593274,0.301776695296637,0.103553390593274,39405.6433315239,-43.29383,147.14182,Bassian
NIN-S2,3815.48039861184,-3,0.353553390593274,0.5,0.426776695296637,0.146446609406726,26053.7298478185,-43.29383,147.14182,Bassian
NIN-S2,2019.69526976594,-2,0.5,0.707106781186548,0.603553390593274,0.207106781186548,9751.95142425942,-43.29383,147.14182,Bassian
NIN-S2,2913.17700331798,-1,0.707106781186548,1,0.853553390593274,0.292893218813453,9946.20843432165,-43.29383,147.14182,Bassian
NIN-S2,936.935831122565,0,1,1.4142135623731,1.20710678118655,0.414213562373095,2261.9631905694,-43.29383,147.14182,Bassian
NIN-S2,537.739913404239,1,1.4142135623731,2,1.70710678118655,0.585786437626905,917.979452687042,-43.29383,147.14182,Bassian
NIN-S2,148.989703887123,2,2,2.82842712474619,2.4142135623731,0.82842712474619,179.846481889122,-43.29383,147.14182,Bassian
NIN-S2,30.2907915581996,3,2.82842712474619,4,3.4142135623731,1.17157287525381,25.8548078382554,-43.29383,147.14182,Bassian
NIN-S2,3.94031607063338,4,4,5.65685424949238,4.82842712474619,1.65685424949238,2.37819112443994,-43.29383,147.14182,Bassian
NIN-S2,20.8682464256,6,8,11.3137084989848,9.65685424949239,3.31370849898476,6.29755044295342,-43.29383,147.14182,Bassian
NSW47,107646.942204978,-6,0.125,0.176776695296637,0.150888347648318,0.0517766952966369,2079061.66255401,-37.10968,149.92238,Cape Howe
NSW47,29750.0819748618,-5,0.176776695296637,0.25,0.213388347648318,0.0732233047033631,406292.533441137,-37.10968,149.92238,Cape Howe
NSW47,10839.014199421,-4,0.25,0.353553390593274,0.301776695296637,0.103553390593274,104670.780331987,-37.10968,149.92238,Cape Howe
NSW47,4973.8123357856,-3,0.353553390593274,0.5,0.426776695296637,0.146446609406726,33963.3150670756,-37.10968,149.92238,Cape Howe
NSW47,1293.7300701965,-2,0.5,0.707106781186548,0.603553390593274,0.207106781186548,6246.68136303659,-37.10968,149.92238,Cape Howe
NSW47,945.685840125483,-1,0.707106781186548,1,0.853553390593274,0.292893218813453,3228.77342110062,-37.10968,149.92238,Cape Howe
NSW47,135.406822039043,0,1,1.4142135623731,1.20710678118655,0.414213562373095,326.900986204497,-37.10968,149.92238,Cape Howe
NSW47,50.7046461196203,1,1.4142135623731,2,1.70710678118655,0.585786437626905,86.5582452284679,-37.10968,149.92238,Cape Howe
NSW47,25.8010737308413,2,2,2.82842712474619,2.4142135623731,0.82842712474619,31.1446510623926,-37.10968,149.92238,Cape Howe
NSW47,6.76921362405318,3,2.82842712474619,4,3.4142135623731,1.17157287525381,5.77788524046077,-37.10968,149.92238,Cape Howe
NSW47,4.47141428157034,4,4,5.65685424949238,4.82842712474619,1.65685424949238,2.69873725038896,-37.10968,149.92238,Cape Howe
NSW5,38507.5670359796,-6,0.125,0.176776695296637,0.150888347648318,0.0517766952966369,743723.924738026,-37.10036,149.9285,Cape Howe
NSW5,18333.6814516217,-5,0.176776695296637,0.25,0.213388347648318,0.0732233047033631,250380.415441419,-37.10036,149.9285,Cape Howe
NSW5,9860.51353268024,-4,0.25,0.353553390593274,0.301776695296637,0.103553390593274,95221.5420102403,-37.10036,149.9285,Cape Howe
NSW5,5018.72164304783,-3,0.353553390593274,0.5,0.426776695296637,0.146446609406726,34269.9749989386,-37.10036,149.9285,Cape Howe
NSW5,1253.2353819884,-2,0.5,0.707106781186548,0.603553390593274,0.207106781186548,6051.15571208444,-37.10036,149.9285,Cape Howe
NSW5,672.155966860573,-1,0.707106781186548,1,0.853553390593274,0.292893218813453,2294.88401808537,-37.10036,149.9285,Cape Howe
NSW5,268.963780100431,0,1,1.4142135623731,1.20710678118655,0.414213562373095,649.336005705596,-37.10036,149.9285,Cape Howe
NSW5,197.634665652739,1,1.4142135623731,2,1.70710678118655,0.585786437626905,337.383477933327,-37.10036,149.9285,Cape Howe
NSW5,96.8872000451372,2,2,2.82842712474619,2.4142135623731,0.82842712474619,116.953196184663,-37.10036,149.9285,Cape Howe
NSW5,16.5790591484396,3,2.82842712474619,4,3.4142135623731,1.17157287525381,14.1511121489971,-37.10036,149.9285,Cape Howe
NSW5,13.171956626931,4,4,5.65685424949238,4.82842712474619,1.65685424949238,7.94997908293174,-37.10036,149.9285,Cape Howe
NSW5,5.52489796146213,5,5.65685424949238,8,6.82842712474619,2.34314575050762,2.35789769384393,-37.10036,149.9285,Cape Howe
PS13,23048.3767219,-6,0.125,0.176776695296637,0.150888347648318,0.0517766952966369,445149.629381563,-32.71802,152.14133,Manning-Hawkesbury
PS13,9920.0361494,-5,0.176776695296637,0.25,0.213388347648318,0.0732233047033631,135476.487842051,-32.71802,152.14133,Manning-Hawkesbury
PS13,4907.315979842,-4,0.25,0.353553390593274,0.301776695296637,0.103553390593274,47389.2351735391,-32.71802,152.14133,Manning-Hawkesbury
PS13,1500.752479348,-3,0.353553390593274,0.5,0.426776695296637,0.146446609406726,10247.77893751,-32.71802,152.14133,Manning-Hawkesbury
PS13,529.136779183,-2,0.5,0.707106781186548,0.603553390593274,0.207106781186548,2554.89837730803,-32.71802,152.14133,Manning-Hawkesbury
PS13,188.643938308,-1,0.707106781186548,1,0.853553390593274,0.292893218813453,644.070692630647,-32.71802,152.14133,Manning-Hawkesbury
PS13,87.2909034872,0,1,1.4142135623731,1.20710678118655,0.414213562373095,210.738883070599,-32.71802,152.14133,Manning-Hawkesbury
PS13,31.7504846518,1,1.4142135623731,2,1.70710678118655,0.585786437626905,54.2014676550472,-32.71802,152.14133,Manning-Hawkesbury
PS13,17.15094747412,2,2,2.82842712474619,2.4142135623731,0.82842712474619,20.7030249997845,-32.71802,152.14133,Manning-Hawkesbury
PS13,9.17589343891,3,2.82842712474619,4,3.4142135623731,1.17157287525381,7.8321149565042,-32.71802,152.14133,Manning-Hawkesbury
PS13,1.95755915152,4,4,5.65685424949238,4.82842712474619,1.65685424949238,1.18149146318679,-32.71802,152.14133,Manning-Hawkesbury
PS13,5.12,5,5.65685424949238,8,6.82842712474619,2.34314575050762,2.18509667991878,-32.71802,152.14133,Manning-Hawkesbury
PS17,39927.0715076,-6,0.125,0.176776695296637,0.150888347648318,0.0517766952966369,771139.820315907,-32.714463,152.15183,Manning-Hawkesbury
PS17,19600.493284073,-5,0.176776695296637,0.25,0.213388347648318,0.0732233047033631,267681.079998739,-32.714463,152.15183,Manning-Hawkesbury
PS17,10206.570475779,-4,0.25,0.353553390593274,0.301776695296637,0.103553390593274,98563.36347177,-32.714463,152.15183,Manning-Hawkesbury
PS17,3569.832175191,-3,0.353553390593274,0.5,0.426776695296637,0.146446609406726,24376.3388558659,-32.714463,152.15183,Manning-Hawkesbury
PS17,972.0997914607,-2,0.5,0.707106781186548,0.603553390593274,0.207106781186548,4693.71300104896,-32.714463,152.15183,Manning-Hawkesbury
PS17,382.312373655,-1,0.707106781186548,1,0.853553390593274,0.292893218813453,1305.29609119595,-32.714463,152.15183,Manning-Hawkesbury
PS17,167.3889649445,0,1,1.4142135623731,1.20710678118655,0.414213562373095,404.112709360606,-32.714463,152.15183,Manning-Hawkesbury
PS17,65.3187474304,1,1.4142135623731,2,1.70710678118655,0.585786437626905,111.506076677047,-32.714463,152.15183,Manning-Hawkesbury
PS17,46.61851381046,2,2,2.82842712474619,2.4142135623731,0.82842712474619,56.273524149445,-32.714463,152.15183,Manning-Hawkesbury
PS17,26.90368929481,3,2.82842712474619,4,3.4142135623731,1.17157287525381,22.963735217053,-32.714463,152.15183,Manning-Hawkesbury
PS17,7.28250251706,4,4,5.65685424949238,4.82842712474619,1.65685424949238,4.39537908617561,-32.714463,152.15183,Manning-Hawkesbury
PS17,3.498666666,5,5.65685424949238,8,6.82842712474619,2.34314575050762,1.49314939765998,-32.714463,152.15183,Manning-Hawkesbury
QLD43,47373.040348695,-6,0.125,0.176776695296637,0.150888347648318,0.0517766952966369,914949.092005339,-14.69473,145.45921,Torres Strait Northern Great Barrier Reef
QLD43,15224.394236716,-5,0.176776695296637,0.25,0.213388347648318,0.0732233047033631,207917.333127642,-14.69473,145.45921,Torres Strait Northern Great Barrier Reef
QLD43,4484.0267263108,-4,0.25,0.353553390593274,0.301776695296637,0.103553390593274,43301.5925468119,-14.69473,145.45921,Torres Strait Northern Great Barrier Reef
QLD43,1595.641452816,-3,0.353553390593274,0.5,0.426776695296637,0.146446609406726,10895.7213777782,-14.69473,145.45921,Torres Strait Northern Great Barrier Reef
QLD43,486.25435191,-2,0.5,0.707106781186548,0.603553390593274,0.207106781186548,2347.84370228812,-14.69473,145.45921,Torres Strait Northern Great Barrier Reef
QLD43,212.639953004,-1,0.707106781186548,1,0.853553390593274,0.292893218813453,725.998211448634,-14.69473,145.45921,Torres Strait Northern Great Barrier Reef
QLD43,82.72887617,0,1,1.4142135623731,1.20710678118655,0.414213562373095,199.725174849498,-14.69473,145.45921,Torres Strait Northern Great Barrier Reef
QLD43,14.2897324096,1,1.4142135623731,2,1.70710678118655,0.585786437626905,24.3940990977693,-14.69473,145.45921,Torres Strait Northern Great Barrier Reef
QLD43,16.27182673681,2,2,2.82842712474619,2.4142135623731,0.82842712474619,19.6418323962959,-14.69473,145.45921,Torres Strait Northern Great Barrier Reef
QLD43,3.34505243705,3,2.82842712474619,4,3.4142135623731,1.17157287525381,2.85518084935632,-14.69473,145.45921,Torres Strait Northern Great Barrier Reef
QLD43,0.09355002588,4,4,5.65685424949238,4.82842712474619,1.65685424949238,0.0564624353099625,-14.69473,145.45921,Torres Strait Northern Great Barrier Reef
QLD44,4589.41590971483,-6,0.125,0.176776695296637,0.150888347648318,0.0517766952966369,88638.6410608353,-14.68942,145.46617,Torres Strait Northern Great Barrier Reef
QLD44,1361.39169867446,-5,0.176776695296637,0.25,0.213388347648318,0.0732233047033631,18592.328005266,-14.68942,145.46617,Torres Strait Northern Great Barrier Reef
QLD44,651.068344891028,-4,0.25,0.353553390593274,0.301776695296637,0.103553390593274,6287.27211307089,-14.68942,145.46617,Torres Strait Northern Great Barrier Reef
QLD44,513.763020826161,-3,0.353553390593274,0.5,0.426776695296637,0.146446609406726,3508.1933471009,-14.68942,145.46617,Torres Strait Northern Great Barrier Reef
QLD44,544.943026695666,-2,0.5,0.707106781186548,0.603553390593274,0.207106781186548,2631.21769153864,-14.68942,145.46617,Torres Strait Northern Great Barrier Reef
QLD44,272.702882901106,-1,0.707106781186548,1,0.853553390593274,0.292893218813453,931.065881299199,-14.68942,145.46617,Torres Strait Northern Great Barrier Reef
QLD44,62.463029436367,0,1,1.4142135623731,1.20710678118655,0.414213562373095,150.799092812187,-14.68942,145.46617,Torres Strait Northern Great Barrier Reef
QLD44,22.5872539775909,1,1.4142135623731,2,1.70710678118655,0.585786437626905,38.5588544335282,-14.68942,145.46617,Torres Strait Northern Great Barrier Reef
QLD44,1.7964912071462,8,16,22.6274169979695,19.3137084989848,6.62741699796953,0.271069589811023,-14.68942,145.46617,Torres Strait Northern Great Barrier Reef
QLD44,5.6120715622222,2,2,2.82842712474619,2.4142135623731,0.82842712474619,6.77436963926259,-14.68942,145.46617,Torres Strait Northern Great Barrier Reef
QLD44,1.5844033689444,3,2.82842712474619,4,3.4142135623731,1.17157287525381,1.3523728676299,-14.68942,145.46617,Torres Strait Northern Great Barrier Reef
QLD44,1.7964912071462,9,22.6274169979695,32,27.3137084989848,9.37258300203049,0.19167514512883,-14.68942,145.46617,Torres Strait Northern Great Barrier Reef
QLD44,4.1399926829435,4,4,5.65685424949238,4.82842712474619,1.65685424949238,2.49870662082189,-14.68942,145.46617,Torres Strait Northern Great Barrier Reef
QLD44,0.898245603415205,5,5.65685424949238,8,6.82842712474619,2.34314575050762,0.383350290190274,-14.68942,145.46617,Torres Strait Northern Great Barrier Reef
QLD48,18057.925321308,-6,0.125,0.176776695296637,0.150888347648318,0.0517766952966369,348765.505752179,-14.68689,145.44195,Torres Strait Northern Great Barrier Reef
QLD48,8334.814736127,-5,0.176776695296637,0.25,0.213388347648318,0.0732233047033631,113827.350047808,-14.68689,145.44195,Torres Strait Northern Great Barrier Reef
QLD48,3356.9119778931,-4,0.25,0.353553390593274,0.301776695296637,0.103553390593274,32417.2096988889,-14.68689,145.44195,Torres Strait Northern Great Barrier Reef
QLD48,1263.436392894,-3,0.353553390593274,0.5,0.426776695296637,0.146446609406726,8627.28333562887,-14.68689,145.44195,Torres Strait Northern Great Barrier Reef
QLD48,588.136748962,-2,0.5,0.707106781186548,0.603553390593274,0.207106781186548,2839.77543174816,-14.68689,145.44195,Torres Strait Northern Great Barrier Reef
QLD48,315.146645744,-1,0.707106781186548,1,0.853553390593274,0.292893218813453,1075.97795203555,-14.68689,145.44195,Torres Strait Northern Great Barrier Reef
QLD48,79.165426446,0,1,1.4142135623731,1.20710678118655,0.414213562373095,191.122246196983,-14.68689,145.44195,Torres Strait Northern Great Barrier Reef
QLD48,56.1465477376,1,1.4142135623731,2,1.70710678118655,0.585786437626905,95.8481523830711,-14.68689,145.44195,Torres Strait Northern Great Barrier Reef
QLD48,35.24081188101,2,2,2.82842712474619,2.4142135623731,0.82842712474619,42.5394229960866,-14.68689,145.44195,Torres Strait Northern Great Barrier Reef
QLD48,2.95631960165,3,2.82842712474619,4,3.4142135623731,1.17157287525381,2.52337661966571,-14.68689,145.44195,Torres Strait Northern Great Barrier Reef
QLD48,5.72157778928,4,4,5.65685424949238,4.82842712474619,1.65685424949238,3.45327767426311,-14.68689,145.44195,Torres Strait Northern Great Barrier Reef
QLD51,68315.650392997,-6,0.125,0.176776695296637,0.150888347648318,0.0517766952966369,1319428.5576089,-14.65706,145.45076,Torres Strait Northern Great Barrier Reef
QLD51,20321.696566336,-5,0.176776695296637,0.25,0.213388347648318,0.0732233047033631,277530.44810886,-14.65706,145.45076,Torres Strait Northern Great Barrier Reef
QLD51,6916.4075397788,-4,0.25,0.353553390593274,0.301776695296637,0.103553390593274,66790.7395417341,-14.65706,145.45076,Torres Strait Northern Great Barrier Reef
QLD51,2262.496664548,-3,0.353553390593274,0.5,0.426776695296637,0.146446609406726,15449.2935938473,-14.65706,145.45076,Torres Strait Northern Great Barrier Reef
QLD51,811.809228431,-2,0.5,0.707106781186548,0.603553390593274,0.207106781186548,3919.76169867552,-14.65706,145.45076,Torres Strait Northern Great Barrier Reef
QLD51,357.564428798,-1,0.707106781186548,1,0.853553390593274,0.292893218813453,1220.80132222432,-14.65706,145.45076,Torres Strait Northern Great Barrier Reef
QLD51,84.082958722,0,1,1.4142135623731,1.20710678118655,0.414213562373095,202.994219311109,-14.65706,145.45076,Torres Strait Northern Great Barrier Reef
QLD51,24.5499108032,1,1.4142135623731,2,1.70710678118655,0.585786437626905,41.9093192096676,-14.65706,145.45076,Torres Strait Northern Great Barrier Reef
QLD51,25.50394224337,2,2,2.82842712474619,2.4142135623731,0.82842712474619,30.785981628962,-14.65706,145.45076,Torres Strait Northern Great Barrier Reef
QLD51,0.83057303455,3,2.82842712474619,4,3.4142135623731,1.17157287525381,0.708938429775497,-14.65706,145.45076,Torres Strait Northern Great Barrier Reef
QLD51,0.03118334196,4,4,5.65685424949238,4.82842712474619,1.65685424949238,0.0188208117699875,-14.65706,145.45076,Torres Strait Northern Great Barrier Reef
SI21,19350.0280500608,-6,0.125,0.176776695296637,0.150888347648318,0.0517766952966369,373720.801206054,-30.00751,153.27028,Tweed-Moreton
SI21,5221.69726074406,-5,0.176776695296637,0.25,0.213388347648318,0.0732233047033631,71311.9584249553,-30.00751,153.27028,Tweed-Moreton
SI21,2471.94948309185,-4,0.25,0.353553390593274,0.301776695296637,0.103553390593274,23871.255870326,-30.00751,153.27028,Tweed-Moreton
SI21,3864.43779440063,-3,0.353553390593274,0.5,0.426776695296637,0.146446609406726,26388.0318571796,-30.00751,153.27028,Tweed-Moreton
SI21,2329.34250684136,-2,0.5,0.707106781186548,0.603553390593274,0.207106781186548,11247.0605428571,-30.00751,153.27028,Tweed-Moreton
SI21,885.466404783114,-1,0.707106781186548,1,0.853553390593274,0.292893218813453,3023.17140823625,-30.00751,153.27028,Tweed-Moreton
SI21,172.610813225431,0,1,1.4142135623731,1.20710678118655,0.414213562373095,416.719366301085,-30.00751,153.27028,Tweed-Moreton
SI21,72.4923589664634,1,1.4142135623731,2,1.70710678118655,0.585786437626905,123.752197575859,-30.00751,153.27028,Tweed-Moreton
SI21,171.970083267828,2,2,2.82842712474619,2.4142135623731,0.82842712474619,207.586253673811,-30.00751,153.27028,Tweed-Moreton
SI21,66.0062557711123,3,2.82842712474619,4,3.4142135623731,1.17157287525381,56.3398634137998,-30.00751,153.27028,Tweed-Moreton
SI21,8.54042047618411,4,4,5.65685424949238,4.82842712474619,1.65685424949238,5.15459973549314,-30.00751,153.27028,Tweed-Moreton
SI21,13.963636352,5,5.65685424949238,8,6.82842712474619,2.34314575050762,5.95935457663054,-30.00751,153.27028,Tweed-Moreton
SI29,57200.2137147024,-6,0.125,0.176776695296637,0.150888347648318,0.0517766952966369,1104748.25376539,-29.98321,153.2278,Tweed-Moreton
SI29,26337.8101398024,-5,0.176776695296637,0.25,0.213388347648318,0.0732233047033631,359691.634330084,-29.98321,153.2278,Tweed-Moreton
SI29,18325.0227188362,-4,0.25,0.353553390593274,0.301776695296637,0.103553390593274,176962.073514437,-29.98321,153.2278,Tweed-Moreton
SI29,4491.17221957499,-3,0.353553390593274,0.5,0.426776695296637,0.146446609406726,30667.6422060524,-29.98321,153.2278,Tweed-Moreton
SI29,1586.25356726469,-2,0.5,0.707106781186548,0.603553390593274,0.207106781186548,7659.10975090623,-29.98321,153.2278,Tweed-Moreton
SI29,861.190330614443,-1,0.707106781186548,1,0.853553390593274,0.292893218813453,2940.2877065684,-29.98321,153.2278,Tweed-Moreton
SI29,241.244170164617,0,1,1.4142135623731,1.20710678118655,0.414213562373095,582.414947454862,-29.98321,153.2278,Tweed-Moreton
SI29,166.907929215412,1,1.4142135623731,2,1.70710678118655,0.585786437626905,284.929657797434,-29.98321,153.2278,Tweed-Moreton
SI29,83.8757331820692,2,2,2.82842712474619,2.4142135623731,0.82842712474619,101.246966301069,-29.98321,153.2278,Tweed-Moreton
SI29,1.11790767386278,3,2.82842712474619,4,3.4142135623731,1.17157287525381,0.954193885395813,-29.98321,153.2278,Tweed-Moreton
SI29,8.69600662022801,4,4,5.65685424949238,4.82842712474619,1.65685424949238,5.24850428026017,-29.98321,153.2278,Tweed-Moreton
SI6,38401.288351382,-6,0.125,0.176776695296637,0.150888347648318,0.0517766952966369,741671.289204051,-30.01765,153.2692,Tweed-Moreton
SI6,13581.468593668,-5,0.176776695296637,0.25,0.213388347648318,0.0732233047033631,185480.137077782,-30.01765,153.2692,Tweed-Moreton
SI6,5206.617707541,-4,0.25,0.353553390593274,0.301776695296637,0.103553390593274,50279.5483345496,-30.01765,153.2692,Tweed-Moreton
SI6,2482.216686369,-3,0.353553390593274,0.5,0.426776695296637,0.146446609406726,16949.6357506997,-30.01765,153.2692,Tweed-Moreton
SI6,1353.3971626366,-2,0.5,0.707106781186548,0.603553390593274,0.207106781186548,6534.77957062909,-30.01765,153.2692,Tweed-Moreton
SI6,573.3443246304,-1,0.707106781186548,1,0.853553390593274,0.292893218813453,1957.51996906275,-30.01765,153.2692,Tweed-Moreton
SI6,119.4676594272,0,1,1.4142135623731,1.20710678118655,0.414213562373095,288.420443654116,-30.01765,153.2692,Tweed-Moreton
SI6,82.4138677124,1,1.4142135623731,2,1.70710678118655,0.585786437626905,140.689272435649,-30.01765,153.2692,Tweed-Moreton
SI6,38.82053263614,2,2,2.82842712474619,2.4142135623731,0.82842712474619,46.8605281943583,-30.01765,153.2692,Tweed-Moreton
SI6,19.6266989468,3,2.82842712474619,4,3.4142135623731,1.17157287525381,16.7524354321946,-30.01765,153.2692,Tweed-Moreton
SI6,12.85610873412,4,4,5.65685424949238,4.82842712474619,1.65685424949238,7.75934801631392,-30.01765,153.2692,Tweed-Moreton
SI6,1.28,5,5.65685424949238,8,6.82842712474619,2.34314575050762,0.546274169979695,-30.01765,153.2692,Tweed-Moreton
SYD1,32646.2257662557,-6,0.125,0.176776695296637,0.150888347648318,0.0517766952966369,630519.688041509,-33.85186,151.21997,Manning-Hawkesbury
SYD1,16564.7122792127,-5,0.176776695296637,0.25,0.213388347648318,0.0732233047033631,226221.861281985,-33.85186,151.21997,Manning-Hawkesbury
SYD1,12831.575556348,-4,0.25,0.353553390593274,0.301776695296637,0.103553390593274,123912.654939002,-33.85186,151.21997,Manning-Hawkesbury
SYD1,2497.65521288244,-3,0.353553390593274,0.5,0.426776695296637,0.146446609406726,17055.0566039102,-33.85186,151.21997,Manning-Hawkesbury
SYD1,848.857477563278,-2,0.5,0.707106781186548,0.603553390593274,0.207106781186548,4098.64646971016,-33.85186,151.21997,Manning-Hawkesbury
SYD1,270.338065358682,-1,0.707106781186548,1,0.853553390593274,0.292893218813453,922.991889173315,-33.85186,151.21997,Manning-Hawkesbury
SYD1,256.695208678506,0,1,1.4142135623731,1.20710678118655,0.414213562373095,619.717054187841,-33.85186,151.21997,Manning-Hawkesbury
SYD1,53.8909117466026,1,1.4142135623731,2,1.70710678118655,0.585786437626905,91.9975408869511,-33.85186,151.21997,Manning-Hawkesbury
SYD1,45.5839533560625,2,2,2.82842712474619,2.4142135623731,0.82842712474619,55.0246992093943,-33.85186,151.21997,Manning-Hawkesbury
SYD1,0.96971238944428,3,2.82842712474619,4,3.4142135623731,1.17157287525381,0.82770129791047,-33.85186,151.21997,Manning-Hawkesbury
SYD1,0.0298189909356378,4,4,5.65685424949238,4.82842712474619,1.65685424949238,0.0179973530832743,-33.85186,151.21997,Manning-Hawkesbury
SYD3,153726.629121263,-6,0.125,0.176776695296637,0.150888347648318,0.0517766952966369,2969031.30337961,-33.86328,151.24196,Manning-Hawkesbury
SYD3,46530.8708575182,-5,0.176776695296637,0.25,0.213388347648318,0.0732233047033631,635465.321403078,-33.86328,151.24196,Manning-Hawkesbury
SYD3,18670.3674193527,-4,0.25,0.353553390593274,0.301776695296637,0.103553390593274,180297.01695316,-33.86328,151.24196,Manning-Hawkesbury
SYD3,5344.84902483631,-3,0.353553390593274,0.5,0.426776695296637,0.146446609406726,36496.9120588655,-33.86328,151.24196,Manning-Hawkesbury
SYD3,1752.59526891869,-2,0.5,0.707106781186548,0.603553390593274,0.207106781186548,8462.27853514886,-33.86328,151.24196,Manning-Hawkesbury
SYD3,1218.14998058363,-1,0.707106781186548,1,0.853553390593274,0.292893218813453,4159.02418471316,-33.86328,151.24196,Manning-Hawkesbury
SYD3,262.89147146773,0,1,1.4142135623731,1.20710678118655,0.414213562373095,634.676155849613,-33.86328,151.24196,Manning-Hawkesbury
SYD3,84.6312381585894,1,1.4142135623731,2,1.70710678118655,0.585786437626905,144.474560560742,-33.86328,151.24196,Manning-Hawkesbury
SYD3,51.2965215744547,2,2,2.82842712474619,2.4142135623731,0.82842712474619,61.9203790438063,-33.86328,151.24196,Manning-Hawkesbury
SYD3,1.28961216172122,3,2.82842712474619,4,3.4142135623731,1.17157287525381,1.10075283318747,-33.86328,151.24196,Manning-Hawkesbury
SYD3,5.1984082410433,4,4,5.65685424949238,4.82842712474619,1.65685424949238,3.1375169195697,-33.86328,151.24196,Manning-Hawkesbury
SYD3,0.319221495405839,5,5.65685424949238,8,6.82842712474619,2.34314575050762,0.136236294876955,-33.86328,151.24196,Manning-Hawkesbury
SYD30,233470.39761165,-6,0.125,0.176776695296637,0.150888347648318,0.0517766952966369,4509179.20261348,-33.841655,151.253968,Manning-Hawkesbury
SYD30,71336.93635406,-5,0.176776695296637,0.25,0.213388347648318,0.0732233047033631,974238.142392712,-33.841655,151.253968,Manning-Hawkesbury
SYD30,21275.483363654,-4,0.25,0.353553390593274,0.301776695296637,0.103553390593274,205454.241930307,-33.841655,151.253968,Manning-Hawkesbury
SYD30,6976.408120571,-3,0.353553390593274,0.5,0.426776695296637,0.146446609406726,47637.8944438066,-33.841655,151.253968,Manning-Hawkesbury
SYD30,2184.469775066,-2,0.5,0.707106781186548,0.603553390593274,0.207106781186548,10547.5531151169,-33.841655,151.253968,Manning-Hawkesbury
SYD30,1724.507094337,-1,0.707106781186548,1,0.853553390593274,0.292893218813453,5887.835509894,-33.841655,151.253968,Manning-Hawkesbury
SYD30,158.170464526,0,1,1.4142135623731,1.20710678118655,0.414213562373095,381.857280625522,-33.841655,151.253968,Manning-Hawkesbury
SYD30,35.1330700368,1,1.4142135623731,2,1.70710678118655,0.585786437626905,59.9759021037232,-33.841655,151.253968,Manning-Hawkesbury
SYD30,16.52215965509,2,2,2.82842712474619,2.4142135623731,0.82842712474619,19.9440109595059,-33.841655,151.253968,Manning-Hawkesbury
SYD30,0.25267634301,3,2.82842712474619,4,3.4142135623731,1.17157287525381,0.215672749298895,-33.841655,151.253968,Manning-Hawkesbury
SYD30,7.55378195379,4,4,5.65685424949238,4.82842712474619,1.65685424949238,4.55911071001224,-33.841655,151.253968,Manning-Hawkesbury
SYD31,140333.671381286,-6,0.125,0.176776695296637,0.150888347648318,0.0517766952966369,2710363.62165047,-33.840111,151.277492,Manning-Hawkesbury
SYD31,37014.3088216952,-5,0.176776695296637,0.25,0.213388347648318,0.0732233047033631,505499.020723591,-33.840111,151.277492,Manning-Hawkesbury
SYD31,11709.070867811,-4,0.25,0.353553390593274,0.301776695296637,0.103553390593274,113072.790767428,-33.840111,151.277492,Manning-Hawkesbury
SYD31,3212.5521688944,-3,0.353553390593274,0.5,0.426776695296637,0.146446609406726,21936.6783697407,-33.840111,151.277492,Manning-Hawkesbury
SYD31,1149.57857650608,-2,0.5,0.707106781186548,0.603553390593274,0.207106781186548,5550.65638082907,-33.840111,151.277492,Manning-Hawkesbury
SYD31,928.02021349528,-1,0.707106781186548,1,0.853553390593274,0.292893218813453,3168.45919907196,-33.840111,151.277492,Manning-Hawkesbury
SYD31,80.373756657344,0,1,1.4142135623731,1.20710678118655,0.414213562373095,194.039413381035,-33.840111,151.277492,Manning-Hawkesbury
SYD31,14.66009673088,1,1.4142135623731,2,1.70710678118655,0.585786437626905,25.026350542136,-33.840111,151.277492,Manning-Hawkesbury
SYD31,7.706470303384,2,2,2.82842712474619,2.4142135623731,0.82842712474619,9.30253256222757,-33.840111,151.277492,Manning-Hawkesbury
SYD31,0.793014984216,3,2.82842712474619,4,3.4142135623731,1.17157287525381,0.676880628568838,-33.840111,151.277492,Manning-Hawkesbury
SYD31,4.458023362664,4,4,5.65685424949238,4.82842712474619,1.65685424949238,2.69065511587988,-33.840111,151.277492,Manning-Hawkesbury
SYD37,252921.68605789,-6,0.125,0.176776695296637,0.150888347648318,0.0517766952966369,4884855.71759383,-33.83036,151.26378,Manning-Hawkesbury
SYD37,70181.6188225059,-5,0.176776695296637,0.25,0.213388347648318,0.0732233047033631,958460.139252394,-33.83036,151.26378,Manning-Hawkesbury
SYD37,27946.2664860899,-4,0.25,0.353553390593274,0.301776695296637,0.103553390593274,269873.022273644,-33.83036,151.26378,Manning-Hawkesbury
SYD37,6564.69986982971,-3,0.353553390593274,0.5,0.426776695296637,0.146446609406726,44826.574656963,-33.83036,151.26378,Manning-Hawkesbury
SYD37,2772.49881958601,-2,0.5,0.707106781186548,0.603553390593274,0.207106781186548,13386.8085038159,-33.83036,151.26378,Manning-Hawkesbury
SYD37,2225.27867428074,-1,0.707106781186548,1,0.853553390593274,0.292893218813453,7597.57662978893,-33.83036,151.26378,Manning-Hawkesbury
SYD37,228.421471422904,0,1,1.4142135623731,1.20710678118655,0.414213562373095,551.458214246393,-33.83036,151.26378,Manning-Hawkesbury
SYD37,107.599708128843,1,1.4142135623731,2,1.70710678118655,0.585786437626905,183.684191400442,-33.83036,151.26378,Manning-Hawkesbury
SYD37,21.4433921461434,2,2,2.82842712474619,2.4142135623731,0.82842712474619,25.8844640712521,-33.83036,151.26378,Manning-Hawkesbury
SYD37,10.9487677435285,3,2.82842712474619,4,3.4142135623731,1.17157287525381,9.34535783030702,-33.83036,151.26378,Manning-Hawkesbury
SYD37,13.1045047312593,4,4,5.65685424949238,4.82842712474619,1.65685424949238,7.90926826259712,-33.83036,151.26378,Manning-Hawkesbury
SYD37,2.91555561331111,5,5.65685424949238,8,6.82842712474619,2.34314575050762,1.24429118960247,-33.83036,151.26378,Manning-Hawkesbury
SYD6,131295.103201804,-6,0.125,0.176776695296637,0.150888347648318,0.0517766952966369,2535795.35058376,-33.85595,151.26602,Manning-Hawkesbury
SYD6,38550.5747086256,-5,0.176776695296637,0.25,0.213388347648318,0.0732233047033631,526479.580029867,-33.85595,151.26602,Manning-Hawkesbury
SYD6,16925.8120392996,-4,0.25,0.353553390593274,0.301776695296637,0.103553390593274,163450.09991782,-33.85595,151.26602,Manning-Hawkesbury
SYD6,8461.25130621354,-3,0.353553390593274,0.5,0.426776695296637,0.146446609406726,57777.0379286427,-33.85595,151.26602,Manning-Hawkesbury
SYD6,1830.79592450442,-2,0.5,0.707106781186548,0.603553390593274,0.207106781186548,8839.86470175192,-33.85595,151.26602,Manning-Hawkesbury
SYD6,1312.79469031357,-1,0.707106781186548,1,0.853553390593274,0.292893218813453,4482.16143627999,-33.85595,151.26602,Manning-Hawkesbury
SYD6,274.478802663465,0,1,1.4142135623731,1.20710678118655,0.414213562373095,662.650447974066,-33.85595,151.26602,Manning-Hawkesbury
SYD6,152.674045076498,1,1.4142135623731,2,1.70710678118655,0.585786437626905,260.63089766127,-33.85595,151.26602,Manning-Hawkesbury
SYD6,64.1962879528154,2,2,2.82842712474619,2.4142135623731,0.82842712474619,77.4917745148477,-33.85595,151.26602,Manning-Hawkesbury
SYD6,4.01219441078839,3,2.82842712474619,4,3.4142135623731,1.17157287525381,3.42462214304781,-33.85595,151.26602,Manning-Hawkesbury
SYD6,4.23510633519866,4,4,5.65685424949238,4.82842712474619,1.65685424949238,2.5561127881322,-33.85595,151.26602,Manning-Hawkesbury
SYD9,118828.150102869,-6,0.125,0.176776695296637,0.150888347648318,0.0517766952966369,2295012.25256043,-33.852053,151.263956,Manning-Hawkesbury
SYD9,34339.145957401,-5,0.176776695296637,0.25,0.213388347648318,0.0732233047033631,468964.711392271,-33.852053,151.263956,Manning-Hawkesbury
SYD9,14949.1090432744,-4,0.25,0.353553390593274,0.301776695296637,0.103553390593274,144361.36719067,-33.852053,151.263956,Manning-Hawkesbury
SYD9,8328.8865424161,-3,0.353553390593274,0.5,0.426776695296637,0.146446609406726,56873.1947851676,-33.852053,151.263956,Manning-Hawkesbury
SYD9,1747.11964236286,-2,0.5,0.707106781186548,0.603553390593274,0.207106781186548,8435.83987136172,-33.852053,151.263956,Manning-Hawkesbury
SYD9,1132.07999036653,-1,0.707106781186548,1,0.853553390593274,0.292893218813453,3865.1628568006,-33.852053,151.263956,Manning-Hawkesbury
SYD9,199.404828026483,0,1,1.4142135623731,1.20710678118655,0.414213562373095,481.40584022421,-33.852053,151.263956,Manning-Hawkesbury
SYD9,91.3070431179692,1,1.4142135623731,2,1.70710678118655,0.585786437626905,155.870872476778,-33.852053,151.263956,Manning-Hawkesbury
SYD9,56.1727158948761,2,2,2.82842712474619,2.4142135623731,0.82842712474619,67.8064662743703,-33.852053,151.263956,Manning-Hawkesbury
SYD9,5.02167806547985,3,2.82842712474619,4,3.4142135623731,1.17157287525381,4.2862703392582,-33.852053,151.263956,Manning-Hawkesbury
SYD9,3.77685870626081,4,4,5.65685424949238,4.82842712474619,1.65685424949238,2.27953587795544,-33.852053,151.263956,Manning-Hawkesbury
TAS26,27510.1795504735,-6,0.125,0.176776695296637,0.150888347648318,0.0517766952966369,531323.588592578,-43.14242,147.29123,Bassian
TAS26,13809.3126863073,-5,0.176776695296637,0.25,0.213388347648318,0.0732233047033631,188591.770642564,-43.14242,147.29123,Bassian
TAS26,8470.37326793578,-4,0.25,0.353553390593274,0.301776695296637,0.103553390593274,81797.1600872524,-43.14242,147.29123,Bassian
TAS26,5961.44230157634,-3,0.353553390593274,0.5,0.426776695296637,0.146446609406726,40707.2743146932,-43.14242,147.29123,Bassian
TAS26,1899.88475297262,-2,0.5,0.707106781186548,0.603553390593274,0.207106781186548,9173.45507514472,-43.14242,147.29123,Bassian
TAS26,1586.36979440471,-1,0.707106781186548,1,0.853553390593274,0.292893218813453,5416.20526699558,-43.14242,147.29123,Bassian
TAS26,603.802945036221,0,1,1.4142135623731,1.20710678118655,0.414213562373095,1457.70925890726,-43.14242,147.29123,Bassian
TAS26,350.198090349251,1,1.4142135623731,2,1.70710678118655,0.585786437626905,597.825534793786,-43.14242,147.29123,Bassian
TAS26,0.0979591862872449,8,16,22.6274169979695,19.3137084989848,6.62741699796953,0.0147808997558562,-43.14242,147.29123,Bassian
TAS26,166.377249166132,2,2,2.82842712474619,2.4142135623731,0.82842712474619,200.835105703602,-43.14242,147.29123,Bassian
TAS26,51.9613800014589,3,2.82842712474619,4,3.4142135623731,1.17157287525381,44.3518120801508,-43.14242,147.29123,Bassian
TAS26,43.6838979386501,4,4,5.65685424949238,4.82842712474619,1.65685424949238,26.3655647152028,-43.14242,147.29123,Bassian
TAS43,36126.0318277462,-6,0.125,0.176776695296637,0.150888347648318,0.0517766952966369,697727.647946136,-43.08944,147.30101,Bassian
TAS43,18669.5725039258,-5,0.176776695296637,0.25,0.213388347648318,0.0732233047033631,254967.630586445,-43.08944,147.30101,Bassian
TAS43,10125.8196428073,-4,0.25,0.353553390593274,0.301776695296637,0.103553390593274,97783.5644472371,-43.08944,147.30101,Bassian
TAS43,5453.91779588997,-3,0.353553390593274,0.5,0.426776695296637,0.146446609406726,37241.680213591,-43.08944,147.30101,Bassian
TAS43,2100.3867568066,-2,0.5,0.707106781186548,0.603553390593274,0.207106781186548,10141.5643890227,-43.08944,147.30101,Bassian
TAS43,2021.31761624508,-1,0.707106781186548,1,0.853553390593274,0.292893218813453,6901.2100192476,-43.08944,147.30101,Bassian
TAS43,706.487206427246,0,1,1.4142135623731,1.20710678118655,0.414213562373095,1705.61099539974,-43.08944,147.30101,Bassian
TAS43,464.673353248518,1,1.4142135623731,2,1.70710678118655,0.585786437626905,793.247032367237,-43.08944,147.30101,Bassian
TAS43,210.363372034827,2,2,2.82842712474619,2.4142135623731,0.82842712474619,253.931052896508,-43.08944,147.30101,Bassian
TAS43,38.9836669797162,3,2.82842712474619,4,3.4142135623731,1.17157287525381,33.2746411282958,-43.08944,147.30101,Bassian
TAS43,51.6433891081975,4,4,5.65685424949238,4.82842712474619,1.65685424949238,31.1695425979803,-43.08944,147.30101,Bassian
TAS43,0.253968256,6,8,11.3137084989848,9.65685424949239,3.31370849898476,0.0766417010059302,-43.08944,147.30101,Bassian
TAS84,20068.035350144,-6,0.125,0.176776695296637,0.150888347648318,0.0517766952966369,387588.184900003,-41.87563,148.31159,Bassian
TAS84,6057.336674199,-5,0.176776695296637,0.25,0.213388347648318,0.0732233047033631,82724.1640996406,-41.87563,148.31159,Bassian
TAS84,2050.357865257,-4,0.25,0.353553390593274,0.301776695296637,0.103553390593274,19800.0070640872,-41.87563,148.31159,Bassian
TAS84,1572.93933615,-3,0.353553390593274,0.5,0.426776695296637,0.146446609406726,10740.7016285469,-41.87563,148.31159,Bassian
TAS84,386.7375599499,-2,0.5,0.707106781186548,0.603553390593274,0.207106781186548,1867.33412462025,-41.87563,148.31159,Bassian
TAS84,111.0159232045,-1,0.707106781186548,1,0.853553390593274,0.292893218813453,379.032070644174,-41.87563,148.31159,Bassian
TAS84,19.120770185,0,1,1.4142135623731,1.20710678118655,0.414213562373095,46.1616227036461,-41.87563,148.31159,Bassian
TAS84,13.0627223794,1,1.4142135623731,2,1.70710678118655,0.585786437626905,22.299461954631,-41.87563,148.31159,Bassian
TAS84,13.68189647836,2,2,2.82842712474619,2.4142135623731,0.82842712474619,16.5155100185207,-41.87563,148.31159,Bassian
TAS84,1.71325051756,3,2.82842712474619,4,3.4142135623731,1.17157287525381,1.46235078819902,-41.87563,148.31159,Bassian
TAS84,0.52,4,4,5.65685424949238,4.82842712474619,1.65685424949238,0.313847763108502,-41.87563,148.31159,Bassian
TAS88,2297.49924565951,-6,0.125,0.176776695296637,0.150888347648318,0.0517766952966369,44373.2307073052,-41.87094,148.31732,Bassian
TAS88,1310.03799888303,-5,0.176776695296637,0.25,0.213388347648318,0.0732233047033631,17890.9980120423,-41.87094,148.31732,Bassian
TAS88,648.239997909499,-4,0.25,0.353553390593274,0.301776695296637,0.103553390593274,6259.95917850328,-41.87094,148.31732,Bassian
TAS88,1172.25648761659,-3,0.353553390593274,0.5,0.426776695296637,0.146446609406726,8004.66799720079,-41.87094,148.31732,Bassian
TAS88,432.750014844813,-2,0.5,0.707106781186548,0.603553390593274,0.207106781186548,2089.50190991101,-41.87094,148.31732,Bassian
TAS88,82.9402891755567,-1,0.707106781186548,1,0.853553390593274,0.292893218813453,283.175860170332,-41.87094,148.31732,Bassian
TAS88,24.5799031364232,0,1,1.4142135623731,1.20710678118655,0.414213562373095,59.3411355137698,-41.87094,148.31732,Bassian
TAS88,35.7846695887796,1,1.4142135623731,2,1.70710678118655,0.585786437626905,61.0882521175256,-41.87094,148.31732,Bassian
TAS88,15.1030595141472,2,2,2.82842712474619,2.4142135623731,0.82842712474619,18.2310055561911,-41.87094,148.31732,Bassian
TAS88,1.65726246327182,3,2.82842712474619,4,3.4142135623731,1.17157287525381,1.41456199462862,-41.87094,148.31732,Bassian
TAS88,1.1111111,4,4,5.65685424949238,4.82842712474619,1.65685424949238,0.670614871730822,-41.87094,148.31732,Bassian
TI-S5,8381.86127009635,-6,0.125,0.176776695296637,0.150888347648318,0.0517766952966369,161884.825249571,,,
TI-S5,5178.14090715629,-5,0.176776695296637,0.25,0.213388347648318,0.0732233047033631,70717.1156523677,,,
TI-S5,5848.75819964701,-4,0.25,0.353553390593274,0.301776695296637,0.103553390593274,56480.6054745147,,,
TI-S5,5033.10159264847,-3,0.353553390593274,0.5,0.426776695296637,0.146446609406726,34368.167436844,,,
TI-S5,2337.35715045283,-2,0.5,0.707106781186548,0.603553390593274,0.207106781186548,11285.7586654659,,,
TI-S5,3424.25611940397,-1,0.707106781186548,1,0.853553390593274,0.292893218813453,11691.1416839081,,,
TI-S5,1013.01863838386,0,1,1.4142135623731,1.20710678118655,0.414213562373095,2445.64333572305,,,
TI-S5,609.596352395166,1,1.4142135623731,2,1.70710678118655,0.585786437626905,1040.64606696037,,,
TI-S5,173.856345037298,2,2,2.82842712474619,2.4142135623731,0.82842712474619,209.86317304683,,,
TI-S5,45.2715322787335,3,2.82842712474619,4,3.4142135623731,1.17157287525381,38.6416698738658,,,
TI-S5,8.05502431597541,4,4,5.65685424949238,4.82842712474619,1.65685424949238,4.86163723721822,,,
TI-S5,22.1986014208,6,8,11.3137084989848,9.65685424949239,3.31370849898476,6.69902057697625,,,
